seed,severity,condition,mode,missing_count,missing_accuracy,macro_object_accuracy,worst_object_accuracy,missing_brier,missing_ece,cross_object_leakage_rate,outside_hallucination_rate
1,standard,clean,present_only,154,0.5,0.501756258058779,0.4444444444444444,0.08501174448208357,0.06855325816983082,0,0
1,standard,clean,global_scene_memory,154,0.461038961038961,0.46300001482074316,0.4074074074074074,0.12785346953206464,0.259576110574015,0.1542194455478303,0
1,standard,clean,object_separated_memory,154,0.7532467532467533,0.755235427504335,0.6666666666666666,0.05797085494631044,0.09696281078494937,0.034518282696647695,0
1,standard,clean,object_contour_memory,154,0.7727272727272727,0.774117054229099,0.7037037037037037,0.05488163076144716,0.047361219691625336,0.02977734904309559,0
1,standard,clean,shuffled_object_memory_control,154,0,0,0,0.29388546491631773,0.8335741393079761,0.9848436106642782,0
1,standard,clean,oracle,154,1,1,1,0,0,0,0
1,standard,corrupt,present_only,154,0.5,0.501756258058779,0.4444444444444444,0.08501174448208357,0.06855325816983082,0,0
1,standard,corrupt,global_scene_memory,154,0.4090909090909091,0.4077556948705408,0.37254901960784315,0.1302504236642793,0.20904030435938387,0.2536915983163469,0
1,standard,corrupt,object_separated_memory,154,0.564935064935065,0.5653001941517348,0.5370370370370371,0.10605426838676892,0.20461979968289537,0.09646756126169813,0
1,standard,corrupt,object_contour_memory,154,0.5844155844155844,0.5838187126702533,0.5510204081632653,0.09584873241077674,0.1421149133579277,0.09420368661171942,0
1,standard,corrupt,shuffled_object_memory_control,154,0,0,0,0.2783672871863567,0.751908572838762,0.9852101676899467,0
1,standard,corrupt,oracle,154,1,1,1,0,0,0,0
1,hard,clean,present_only,249,0.5381526104417671,0.5381993564246802,0.5287356321839081,0.08307241804108781,0.017793644593526947,0,0
1,hard,clean,global_scene_memory,249,0.41365461847389556,0.4116492158069203,0.3253012048192771,0.12291081114596122,0.3109684759597117,0.05774941925504311,0
1,hard,clean,object_separated_memory,249,0.7349397590361446,0.7347504378053462,0.6987951807228916,0.06222967767385804,0.11800647852237128,0.02944095283293921,0
1,hard,clean,object_contour_memory,249,0.7309236947791165,0.7309190201808251,0.6987951807228916,0.05876283472099698,0.0653844202793427,0.02536452292399536,0
1,hard,clean,shuffled_object_memory_control,249,0,0,0,0.2962468842340516,0.8495353551566853,0.9844765807426996,0
1,hard,clean,oracle,249,1,1,1,0,0,0,0
1,hard,corrupt,present_only,249,0.5381526104417671,0.5381993564246802,0.5287356321839081,0.08307241804108781,0.017793644593526947,0,0
1,hard,corrupt,global_scene_memory,249,0.4899598393574297,0.49113316352855035,0.4578313253012048,0.1171690919084271,0.21570511385694746,0.13207811094811628,0
1,hard,corrupt,object_separated_memory,249,0.6024096385542169,0.6033819549988109,0.5542168674698795,0.09801510000940031,0.17875841315532176,0.10259274584795396,0
1,hard,corrupt,object_contour_memory,249,0.5983935742971888,0.5989778990836034,0.5421686746987951,0.08989750966476247,0.15052508187821334,0.0996741978831932,0
1,hard,corrupt,shuffled_object_memory_control,249,0,0,0,0.27522560237400373,0.7345617522359176,0.9858648880655211,0
1,hard,corrupt,oracle,249,1,1,1,0,0,0,0
1,extreme,clean,present_only,335,0.5462686567164179,0.5465787181489131,0.5254237288135594,0.08284147528605587,0.0010913860622090432,0,0
1,extreme,clean,global_scene_memory,335,0.41492537313432837,0.4120750107318703,0.35135135135135137,0.12023849786073569,0.26558075095889283,0.10003841926604738,0
1,extreme,clean,object_separated_memory,335,0.7402985074626866,0.7408980774826633,0.7288135593220338,0.05897690378960079,0.12818976159181228,0.0300383398640471,0
1,extreme,clean,object_contour_memory,335,0.7492537313432835,0.7500487375767196,0.7288135593220338,0.05555576355545745,0.050904993471093916,0.02572476094361421,0
1,extreme,clean,shuffled_object_memory_control,335,0,0,0,0.29791744191901204,0.8521595451119355,0.9864567072604491,0
1,extreme,clean,oracle,335,1,1,1,0,0,0,0
1,extreme,corrupt,present_only,335,0.5462686567164179,0.5465787181489131,0.5254237288135594,0.08284147528605587,0.0010913860622090432,0,0
1,extreme,corrupt,global_scene_memory,335,0.4626865671641791,0.46114678797761627,0.36936936936936937,0.11626186948580805,0.1750498135058122,0.1645408074722729,0
1,extreme,corrupt,object_separated_memory,335,0.6029850746268657,0.6033116583164552,0.5677966101694916,0.09654934309339187,0.1459724387062173,0.0964940534354682,0
1,extreme,corrupt,object_contour_memory,335,0.6119402985074627,0.6121060299186298,0.5847457627118644,0.08925618804829365,0.1238708332966333,0.09278728923352289,0
1,extreme,corrupt,shuffled_object_memory_control,335,0,0,0,0.2727059244399215,0.7249197473708406,0.98738592079235,0
1,extreme,corrupt,oracle,335,1,1,1,0,0,0,0
2,standard,clean,present_only,157,0.5286624203821656,0.5288236664337294,0.5094339622641509,0.08314533911939803,0.017238087620515707,0,0
2,standard,clean,global_scene_memory,157,0.4713375796178344,0.4701607267645003,0.4,0.12114144935372621,0.2640683386946142,0.09820139931777037,0
2,standard,clean,object_separated_memory,157,0.8343949044585988,0.834157931516422,0.7735849056603774,0.04502786042535155,0.07411314933808126,0.030769970136043354,0
2,standard,clean,object_contour_memory,157,0.8343949044585988,0.834157931516422,0.7735849056603774,0.04394936502509868,0.048021312518782396,0.026122011926461245,0
2,standard,clean,shuffled_object_memory_control,157,0,0,0,0.2975121655496679,0.8478503850003496,0.987329171003833,0
2,standard,clean,oracle,157,1,1,1,0,0,0,0
2,standard,corrupt,present_only,157,0.5286624203821656,0.5288236664337294,0.5094339622641509,0.08314533911939803,0.017238087620515707,0,0
2,standard,corrupt,global_scene_memory,157,0.4267515923566879,0.42811087817377125,0.37037037037037035,0.13891938061295828,0.35263845753600503,0.15581121062899528,0
2,standard,corrupt,object_separated_memory,157,0.6050955414012739,0.6047006755182855,0.58,0.09497897353745667,0.16919362698990348,0.11834767508570902,0
2,standard,corrupt,object_contour_memory,157,0.6114649681528662,0.611861169345446,0.5740740740740741,0.08754383379478048,0.11100120020904804,0.11355142855957974,0
2,standard,corrupt,shuffled_object_memory_control,157,0,0,0,0.27473614832163623,0.7386168926446374,0.9862244327571761,0
2,standard,corrupt,oracle,157,1,1,1,0,0,0,0
2,hard,clean,present_only,256,0.54296875,0.5432921165679786,0.5340909090909091,0.08276696401380067,0.005355031236053298,0,0
2,hard,clean,global_scene_memory,256,0.40625,0.40803307661545213,0.3181818181818182,0.11594025801570308,0.2972215252790958,0.07763008568198856,0
2,hard,clean,object_separated_memory,256,0.76171875,0.7620457448043655,0.735632183908046,0.054621923468834786,0.08815111582585194,0.03319982616028834,0
2,hard,clean,object_contour_memory,256,0.765625,0.7661609711418139,0.735632183908046,0.05172641633151268,0.02823083122321734,0.028417093248116542,0
2,hard,clean,shuffled_object_memory_control,256,0,0,0,0.2968703634010104,0.8487609541708745,0.9849690378151155,0
2,hard,clean,oracle,256,1,1,1,0,0,0,0
2,hard,corrupt,present_only,256,0.54296875,0.5432921165679786,0.5340909090909091,0.08276696401380067,0.005355031236053298,0,0
2,hard,corrupt,global_scene_memory,256,0.51171875,0.5101735748287471,0.4444444444444444,0.11641389484612485,0.21269317634138546,0.1377208270809386,0
2,hard,corrupt,object_separated_memory,256,0.53515625,0.5339925435710876,0.49382716049382713,0.11463483203580828,0.22512845252640667,0.11824936354055947,0
2,hard,corrupt,object_contour_memory,256,0.5390625,0.537867500032251,0.49382716049382713,0.10308201456509149,0.16923472188239852,0.11182561549369384,0
2,hard,corrupt,shuffled_object_memory_control,256,0,0,0,0.27796575517361016,0.7530502971903197,0.9853917071234178,0
2,hard,corrupt,oracle,256,1,1,1,0,0,0,0
2,extreme,clean,present_only,345,0.5333333333333333,0.5332799159026899,0.5299145299145299,0.08327684733037792,0.02343763734768778,0,0
2,extreme,clean,global_scene_memory,345,0.4144927536231884,0.4124930455205685,0.3302752293577982,0.12613838714578512,0.2875905126603435,0.07290991713888512,0
2,extreme,clean,object_separated_memory,345,0.8057971014492754,0.8060663926826906,0.7647058823529411,0.05217330589711025,0.08617881575449078,0.027605421149524273,0
2,extreme,clean,object_contour_memory,345,0.8,0.8004162693855085,0.7563025210084033,0.0502254106083402,0.05756001358130171,0.024238938488551763,0
2,extreme,clean,shuffled_object_memory_control,345,0,0,0,0.2941713777074521,0.8311215659996583,0.9868823100183249,0
2,extreme,clean,oracle,345,1,1,1,0,0,0,0
2,extreme,corrupt,present_only,345,0.5333333333333333,0.5332799159026899,0.5299145299145299,0.08327684733037792,0.02343763734768778,0,0
2,extreme,corrupt,global_scene_memory,345,0.43478260869565216,0.4352980273109793,0.40336134453781514,0.12358958781231648,0.2351941019849121,0.13795193222074473,0
2,extreme,corrupt,object_separated_memory,345,0.6173913043478261,0.6177525977849777,0.5798319327731093,0.09021381623839865,0.13460549564665564,0.10769574344754973,0
2,extreme,corrupt,object_contour_memory,345,0.6202898550724638,0.6208107017605129,0.5798319327731093,0.08304393427419092,0.09523749225099537,0.1027091850094686,0
2,extreme,corrupt,shuffled_object_memory_control,345,0,0,0,0.2759228488721891,0.7423441648819955,0.9861104682559986,0
2,extreme,corrupt,oracle,345,1,1,1,0,0,0,0
3,standard,clean,present_only,152,0.4934210526315789,0.4950925925925926,0.4444444444444444,0.08405314526709844,0.0279342678175844,0,0
3,standard,clean,global_scene_memory,152,0.5921052631578947,0.5938888888888889,0.5,0.09757825763643119,0.2016537619823178,0.05770028793471576,0
3,standard,clean,object_separated_memory,152,0.7368421052631579,0.7379012345679014,0.7037037037037037,0.051557014216468106,0.07508496500460421,0.0325978090046797,0
3,standard,clean,object_contour_memory,152,0.743421052631579,0.7430246913580247,0.7083333333333334,0.050536664668352695,0.04363344546158373,0.02834296903914387,0
3,standard,clean,shuffled_object_memory_control,152,0,0,0,0.29282339101135374,0.8227687805585936,0.9851030551948717,0
3,standard,clean,oracle,152,1,1,1,0,0,0,0
3,standard,corrupt,present_only,152,0.4934210526315789,0.4950925925925926,0.4444444444444444,0.08405314526709844,0.0279342678175844,0,0
3,standard,corrupt,global_scene_memory,152,0.4934210526315789,0.49108024691358027,0.42,0.11330438531873632,0.2230907960546697,0.08563956004468441,0
3,standard,corrupt,object_separated_memory,152,0.6118421052631579,0.6117592592592592,0.6041666666666666,0.09685860261275772,0.21224142732462165,0.07375022914297898,0
3,standard,corrupt,object_contour_memory,152,0.618421052631579,0.6184259259259259,0.6041666666666666,0.08928146809397171,0.13594473702065957,0.07092383170240575,0
3,standard,corrupt,shuffled_object_memory_control,152,0,0,0,0.2826941699702767,0.7797028616657894,0.9853853816368607,0
3,standard,corrupt,oracle,152,1,1,1,0,0,0,0
3,hard,clean,present_only,248,0.4959677419354839,0.4962642126847472,0.48863636363636365,0.08381449053639717,0.03428594625963066,0,0
3,hard,clean,global_scene_memory,248,0.5483870967741935,0.5459233687081788,0.4444444444444444,0.09700307258858294,0.14214951749818183,0.06918084810849685,0
3,hard,clean,object_separated_memory,248,0.8185483870967742,0.8188021802649089,0.7901234567901234,0.04481729140746881,0.0511144490868724,0.03204566008079126,0
3,hard,clean,object_contour_memory,248,0.8266129032258065,0.8272409988303098,0.7901234567901234,0.04350967982146395,0.03126730362383578,0.02725800029039408,0
3,hard,clean,shuffled_object_memory_control,248,0,0,0,0.2933182229501766,0.8312566269031695,0.9852895632848837,0
3,hard,clean,oracle,248,1,1,1,0,0,0,0
3,hard,corrupt,present_only,248,0.4959677419354839,0.4962642126847472,0.48863636363636365,0.08381449053639717,0.03428594625963066,0,0
3,hard,corrupt,global_scene_memory,248,0.5,0.4986681157567234,0.4177215189873418,0.10967328272462987,0.194112665374194,0.1211448283545611,0
3,hard,corrupt,object_separated_memory,248,0.6129032258064516,0.61358249631808,0.5802469135802469,0.09042663024253939,0.1332166424193929,0.10114612004511844,0
3,hard,corrupt,object_contour_memory,248,0.6209677419354839,0.6211582538938375,0.5802469135802469,0.08437484422581931,0.12004365309355404,0.0989692711621004,0
3,hard,corrupt,shuffled_object_memory_control,248,0,0,0,0.27495028860541193,0.7395350356534378,0.985517516257067,0
3,hard,corrupt,oracle,248,1,1,1,0,0,0,0
3,extreme,clean,present_only,334,0.49101796407185627,0.49078107961204215,0.4811320754716981,0.08421861918515246,0.050391540621883224,0,0
3,extreme,clean,global_scene_memory,334,0.5479041916167665,0.5456308194040989,0.49056603773584906,0.09504267836456405,0.1610730282030072,0.09783966452411925,0
3,extreme,clean,object_separated_memory,334,0.7694610778443114,0.7709292475861731,0.7226890756302521,0.05487197614582689,0.08232532984895752,0.030910938543043,0
3,extreme,clean,object_contour_memory,334,0.7724550898203593,0.7737303680343524,0.7310924369747899,0.052451674507479056,0.04530070762101855,0.02657634345673179,0
3,extreme,clean,shuffled_object_memory_control,334,0,0,0,0.2937534863969396,0.8320108058800824,0.9854789088733923,0
3,extreme,clean,oracle,334,1,1,1,0,0,0,0
3,extreme,corrupt,present_only,334,0.49101796407185627,0.49078107961204215,0.4811320754716981,0.08421861918515246,0.050391540621883224,0,0
3,extreme,corrupt,global_scene_memory,334,0.47604790419161674,0.4731697075575947,0.39622641509433965,0.11037587031887325,0.16430287065194904,0.1946092567583383,0
3,extreme,corrupt,object_separated_memory,334,0.5988023952095808,0.5990872720907646,0.5779816513761468,0.09276305337383381,0.1667162627482713,0.09296657497849616,0
3,extreme,corrupt,object_contour_memory,334,0.6137724550898204,0.614036925138759,0.5871559633027523,0.08640295540942847,0.11626307430813926,0.08975573229637124,0
3,extreme,corrupt,shuffled_object_memory_control,334,0,0,0,0.27275814261365017,0.7267970424743292,0.9854613448417354,0
3,extreme,corrupt,oracle,334,1,1,1,0,0,0,0
4,standard,clean,present_only,151,0.48344370860927155,0.4842767295597484,0.4528301886792453,0.0835999363546165,0.03668743780798667,0,0
4,standard,clean,global_scene_memory,151,0.3841059602649007,0.3822359132332178,0.2653061224489796,0.13318847707047618,0.30782006954619157,0.09699275437213861,0
4,standard,clean,object_separated_memory,151,0.7682119205298014,0.765498652291105,0.673469387755102,0.04952615407673181,0.1059827526031635,0.03155441679383016,0
4,standard,clean,object_contour_memory,151,0.7682119205298014,0.765498652291105,0.673469387755102,0.048025940988061254,0.05191679980778435,0.027540160344652124,0
4,standard,clean,shuffled_object_memory_control,151,0,0,0,0.29056654644452334,0.8175179692878665,0.9828677338591254,0
4,standard,clean,oracle,151,1,1,1,0,0,0,0
4,standard,corrupt,present_only,151,0.48344370860927155,0.4842767295597484,0.4528301886792453,0.0835999363546165,0.03668743780798667,0,0
4,standard,corrupt,global_scene_memory,151,0.45695364238410596,0.4575792581183416,0.4339622641509434,0.11751506521917526,0.20022115995456297,0.13004442734145044,0
4,standard,corrupt,object_separated_memory,151,0.6357615894039735,0.6350917725580798,0.5510204081632653,0.08672127898993333,0.14289849820251338,0.10652543273704981,0
4,standard,corrupt,object_contour_memory,151,0.6291390728476821,0.6288024643819791,0.5510204081632653,0.08028385757711413,0.12832475367876015,0.10330965061991637,0
4,standard,corrupt,shuffled_object_memory_control,151,0,0,0,0.2749011058524446,0.7419160293220556,0.9816671974397568,0
4,standard,corrupt,oracle,151,1,1,1,0,0,0,0
4,hard,clean,present_only,245,0.4857142857142857,0.48597169070748697,0.47674418604651164,0.08404851963163544,0.04693516645897461,0,0
4,hard,clean,global_scene_memory,245,0.4897959183673469,0.48937297615543124,0.379746835443038,0.11498060072406723,0.23994224957008758,0.11111798093420353,0
4,hard,clean,object_separated_memory,245,0.7714285714285715,0.7723763614954372,0.7375,0.05578392841620708,0.09072396676212006,0.034682984049643185,0
4,hard,clean,object_contour_memory,245,0.7714285714285715,0.7726670591698558,0.7325581395348837,0.052903624655763364,0.05489042357673385,0.029736506832627695,0
4,hard,clean,shuffled_object_memory_control,245,0,0,0,0.2957178827217449,0.8473380696935487,0.9842668477120494,0
4,hard,clean,oracle,245,1,1,1,0,0,0,0
4,hard,corrupt,present_only,245,0.4857142857142857,0.48597169070748697,0.47674418604651164,0.08404851963163544,0.04693516645897461,0,0
4,hard,corrupt,global_scene_memory,245,0.4775510204081633,0.4783779805710921,0.45,0.11372881008996555,0.19172666850778303,0.17305875289521447,0
4,hard,corrupt,object_separated_memory,245,0.6448979591836734,0.6444791973309782,0.5375,0.09141734251951088,0.1466904031307644,0.10123291378329345,0
4,hard,corrupt,object_contour_memory,245,0.6408163265306123,0.6399163477578256,0.5375,0.08491958487248177,0.11184511294567796,0.09836784433235615,0
4,hard,corrupt,shuffled_object_memory_control,245,0,0,0,0.27573769663006775,0.7428536697832224,0.9863687303491135,0
4,hard,corrupt,oracle,245,1,1,1,0,0,0,0
4,extreme,clean,present_only,330,0.48484848484848486,0.48439319822967625,0.4716981132075472,0.08735842695550816,0.0907738208113661,0,0
4,extreme,clean,global_scene_memory,330,0.45151515151515154,0.4516614858189354,0.4444444444444444,0.10975737315446389,0.20363691823831065,0.10923623033303254,0
4,extreme,clean,object_separated_memory,330,0.7878787878787878,0.7861334008048386,0.6944444444444444,0.05162292326761345,0.0656349637029373,0.030715170242228085,0
4,extreme,clean,object_contour_memory,330,0.7757575757575758,0.7737294874575292,0.6666666666666666,0.04996608411762976,0.011929823213198153,0.02660686504382501,0
4,extreme,clean,shuffled_object_memory_control,330,0,0,0,0.2962846913991221,0.846619933194329,0.9855484073807271,0
4,extreme,clean,oracle,330,1,1,1,0,0,0,0
4,extreme,corrupt,present_only,330,0.48484848484848486,0.48439319822967625,0.4716981132075472,0.08735842695550816,0.0907738208113661,0,0
4,extreme,corrupt,global_scene_memory,330,0.48787878787878786,0.4891443167305236,0.4396551724137931,0.11529305023986418,0.19204810504677522,0.15604804566320193,0
4,extreme,corrupt,object_separated_memory,330,0.6060606060606061,0.6056651967517289,0.5660377358490566,0.09173450451820792,0.12207073549824601,0.11782344763338236,0
4,extreme,corrupt,object_contour_memory,330,0.6212121212121212,0.6207298167827338,0.5754716981132075,0.0846744227929806,0.09041112999452916,0.11321144107991594,0
4,extreme,corrupt,shuffled_object_memory_control,330,0,0,0,0.2739418234306431,0.736269073442611,0.9863077992150033,0
4,extreme,corrupt,oracle,330,1,1,1,0,0,0,0
5,standard,clean,present_only,147,0.54421768707483,0.5437579559919986,0.5319148936170213,0.08305327482517831,0.034644686703510286,0,0
5,standard,clean,global_scene_memory,147,0.4557823129251701,0.45390070921985815,0.3617021276595745,0.12447284492861485,0.2677117141711449,0.06596624757215419,0
5,standard,clean,object_separated_memory,147,0.7551020408163265,0.7531255682851428,0.6808510638297872,0.06554178546731165,0.12561180552812096,0.031945712868168254,0
5,standard,clean,object_contour_memory,147,0.7551020408163265,0.752295871976723,0.6382978723404256,0.0612545350948405,0.08320018024566653,0.027009398264395686,0
5,standard,clean,shuffled_object_memory_control,147,0,0,0,0.2933434336950428,0.8270838334141415,0.9875990340303351,0
5,standard,clean,oracle,147,1,1,1,0,0,0,0
5,standard,corrupt,present_only,147,0.54421768707483,0.5437579559919986,0.5319148936170213,0.08305327482517831,0.034644686703510286,0,0
5,standard,corrupt,global_scene_memory,147,0.48299319727891155,0.4856792144026187,0.40384615384615385,0.11888797901113628,0.22257519912397744,0.11152153277701184,0
5,standard,corrupt,object_separated_memory,147,0.6530612244897959,0.6559033460629206,0.5576923076923077,0.08464182693279965,0.1292482853926003,0.0784721434131351,0
5,standard,corrupt,object_contour_memory,147,0.6394557823129252,0.6418667030369157,0.5576923076923077,0.07914537921799651,0.11707917451719702,0.07641381584542874,0
5,standard,corrupt,shuffled_object_memory_control,147,0,0,0,0.27607250273502476,0.747071414669137,0.9852146858843776,0
5,standard,corrupt,oracle,147,1,1,1,0,0,0,0
5,hard,clean,present_only,237,0.5189873417721519,0.5184552289815447,0.5064935064935064,0.08321975506507329,0.003403349598262273,0,0
5,hard,clean,global_scene_memory,237,0.4978902953586498,0.4936963621174147,0.38961038961038963,0.10760774031882755,0.18919356782116448,0.06006191561029746,0
5,hard,clean,object_separated_memory,237,0.7805907172995781,0.781309333940913,0.7619047619047619,0.05673709937478608,0.10758636413927453,0.03079623629759662,0
5,hard,clean,object_contour_memory,237,0.7805907172995781,0.7801701222753855,0.7402597402597403,0.053691792374697116,0.068301531173251,0.025984626740384265,0
5,hard,clean,shuffled_object_memory_control,237,0,0,0,0.29581618316463765,0.8443982323952008,0.9843922792623137,0
5,hard,clean,oracle,237,1,1,1,0,0,0,0
5,hard,corrupt,present_only,237,0.5189873417721519,0.5184552289815447,0.5064935064935064,0.08321975506507329,0.003403349598262273,0,0
5,hard,corrupt,global_scene_memory,237,0.41350210970464135,0.4100972127287917,0.3157894736842105,0.12015528926725881,0.23614589363554545,0.16014891918817395,0
5,hard,corrupt,object_separated_memory,237,0.5738396624472574,0.572738664843928,0.5526315789473685,0.09766918289433844,0.16364499594480436,0.12770476244455986,0
5,hard,corrupt,object_contour_memory,237,0.5822784810126582,0.580675172780436,0.5526315789473685,0.08958972600526438,0.10627181988940425,0.1196342410496685,0
5,hard,corrupt,shuffled_object_memory_control,237,0,0,0,0.2759682691861356,0.7402695592793842,0.9864010698456847,0
5,hard,corrupt,oracle,237,1,1,1,0,0,0,0
5,extreme,clean,present_only,319,0.49216300940438873,0.49166711159163007,0.4519230769230769,0.08458755230055912,0.05745718050065407,0,0
5,extreme,clean,global_scene_memory,319,0.5141065830721003,0.5115541451434216,0.47058823529411764,0.11029372640660161,0.17963774488979534,0.0861016435849261,0
5,extreme,clean,object_separated_memory,319,0.7492163009404389,0.7489777848965772,0.7254901960784313,0.060527766106324765,0.09519190777183598,0.03633940562540196,0
5,extreme,clean,object_contour_memory,319,0.7460815047021944,0.7459650867381217,0.7156862745098039,0.05716561647625728,0.04589956064356246,0.031161023706524495,0
5,extreme,clean,shuffled_object_memory_control,319,0,0,0,0.29464155466441744,0.8389820319222246,0.9847165860219776,0
5,extreme,clean,oracle,319,1,1,1,0,0,0,0
5,extreme,corrupt,present_only,319,0.49216300940438873,0.49166711159163007,0.4519230769230769,0.08458755230055912,0.05745718050065407,0,0
5,extreme,corrupt,global_scene_memory,319,0.4702194357366771,0.46700825780732086,0.4019607843137255,0.11831798805972793,0.20922882816916666,0.1372387801369214,0
5,extreme,corrupt,object_separated_memory,319,0.6206896551724138,0.6197509977442305,0.5882352941176471,0.09238266095691364,0.15466563406354492,0.08997797359854412,0
5,extreme,corrupt,object_contour_memory,319,0.6394984326018809,0.6385969068816544,0.6078431372549019,0.08548292286124086,0.13186606144033228,0.0880061396122573,0
5,extreme,corrupt,shuffled_object_memory_control,319,0,0,0,0.2764597523662893,0.7496281303158034,0.9853797389408177,0
5,extreme,corrupt,oracle,319,1,1,1,0,0,0,0
6,standard,clean,present_only,154,0.4675324675324675,0.46744595274007045,0.45098039215686275,0.08371790269184959,0.04618675736273842,0,0
6,standard,clean,global_scene_memory,154,0.461038961038961,0.4601558572146807,0.2549019607843137,0.11220311851111955,0.1688595347370897,0.16416223376037248,0
6,standard,clean,object_separated_memory,154,0.7467532467532467,0.7468577174459528,0.7307692307692307,0.06791545754251753,0.1431438547061218,0.03783029066485857,0
6,standard,clean,object_contour_memory,154,0.7402597402597403,0.7404474610356964,0.7115384615384616,0.06290600256390348,0.08281733871085076,0.03276494633607337,0
6,standard,clean,shuffled_object_memory_control,154,0,0,0,0.2969091520076172,0.8594530009550102,0.9809607730098144,0
6,standard,clean,oracle,154,1,1,1,0,0,0,0
6,standard,corrupt,present_only,154,0.4675324675324675,0.46744595274007045,0.45098039215686275,0.08371790269184959,0.04618675736273842,0,0
6,standard,corrupt,global_scene_memory,154,0.35714285714285715,0.35646053293112123,0.29411764705882354,0.13254308464620312,0.27079625057324874,0.19466811025712813,0
6,standard,corrupt,object_separated_memory,154,0.5844155844155844,0.5844645550527904,0.5490196078431373,0.09907913392590036,0.17426949630939098,0.11825739480437768,0
6,standard,corrupt,object_contour_memory,154,0.5909090909090909,0.5908748114630468,0.5686274509803921,0.09102434273625108,0.1361130654751957,0.11558646304347867,0
6,standard,corrupt,shuffled_object_memory_control,154,0,0,0,0.2698637156160334,0.7074532439456815,0.9850065679857672,0
6,standard,corrupt,oracle,154,1,1,1,0,0,0,0
6,hard,clean,present_only,250,0.468,0.4679192962325493,0.4457831325301205,0.08484870474181183,0.06433566433566612,0,0
6,hard,clean,global_scene_memory,250,0.488,0.48766494549627076,0.3253012048192771,0.10446085908695875,0.16242479994587752,0.07792341504862038,0
6,hard,clean,object_separated_memory,250,0.796,0.7962325492445975,0.7380952380952381,0.05290310189272302,0.1002043430897767,0.02983804361851542,0
6,hard,clean,object_contour_memory,250,0.8,0.8002008032128515,0.75,0.05061031309511233,0.051918990704473554,0.02592338252469779,0
6,hard,clean,shuffled_object_memory_control,250,0,0,0,0.2947621666285855,0.838431040581052,0.9863174662633343,0
6,hard,clean,oracle,250,1,1,1,0,0,0,0
6,hard,corrupt,present_only,250,0.468,0.4679192962325493,0.4457831325301205,0.08484870474181183,0.06433566433566612,0,0
6,hard,corrupt,global_scene_memory,250,0.396,0.39596481162746217,0.3493975903614458,0.12271486448246395,0.22786328444938841,0.15888393343630436,0
6,hard,corrupt,object_separated_memory,250,0.552,0.5521132147638171,0.4939759036144578,0.10952141374477911,0.20327061005663932,0.1042489680247916,0
6,hard,corrupt,object_contour_memory,250,0.56,0.560049722700325,0.4939759036144578,0.0999675793646947,0.15444579486856536,0.1010028149597699,0
6,hard,corrupt,shuffled_object_memory_control,250,0,0,0,0.2778137848076437,0.7518003876645143,0.9852173610985697,0
6,hard,corrupt,oracle,250,1,1,1,0,0,0,0
6,extreme,clean,present_only,335,0.4925373134328358,0.4925190677403067,0.4864864864864865,0.08363917604812257,0.020986902223576798,0,0
6,extreme,clean,global_scene_memory,335,0.5014925373134328,0.5009434212974037,0.4144144144144144,0.10713183431742164,0.16565081883004656,0.12475672471316523,0
6,extreme,clean,object_separated_memory,335,0.7850746268656716,0.7853251481570066,0.7433628318584071,0.05219735178452781,0.06673445153504062,0.030966461223413986,0
6,extreme,clean,object_contour_memory,335,0.7940298507462686,0.7943341571660157,0.7433628318584071,0.049817871955938356,0.049677254761308326,0.026848019985765772,0
6,extreme,clean,shuffled_object_memory_control,335,0,0,0,0.2969323535503027,0.8520026659368656,0.9842201768167994,0
6,extreme,clean,oracle,335,1,1,1,0,0,0,0
6,extreme,corrupt,present_only,335,0.4925373134328358,0.4925190677403067,0.4864864864864865,0.08363917604812257,0.020986902223576798,0,0
6,extreme,corrupt,global_scene_memory,335,0.4597014925373134,0.4590076802466183,0.2702702702702703,0.11410561212183905,0.17286183671097266,0.1945357533651998,0
6,extreme,corrupt,object_separated_memory,335,0.6119402985074627,0.6119482314172578,0.5855855855855856,0.09528028794551034,0.16433925021734047,0.12117648269042199,0
6,extreme,corrupt,object_contour_memory,335,0.6208955223880597,0.6209040899306387,0.5945945945945946,0.08702987420641685,0.1080953669797675,0.11665540625028543,0
6,extreme,corrupt,shuffled_object_memory_control,335,0,0,0,0.28015974135201704,0.7648606836262848,0.9852685176350865,0
6,extreme,corrupt,oracle,335,1,1,1,0,0,0,0
7,standard,clean,present_only,153,0.49673202614379086,0.49698340874811464,0.46153846153846156,0.08339805456470469,0.02904865649963595,0,0
7,standard,clean,global_scene_memory,153,0.5359477124183006,0.5347913524384112,0.4,0.10638680388576435,0.1589534376635676,0.14950919348906533,0
7,standard,clean,object_separated_memory,153,0.803921568627451,0.8041277023629965,0.7884615384615384,0.05137150647893494,0.10991084071923998,0.033388410100331084,0
7,standard,clean,object_contour_memory,153,0.8104575163398693,0.8106636500754147,0.7884615384615384,0.05007652820239352,0.07977347985752571,0.029057422300544748,0
7,standard,clean,shuffled_object_memory_control,153,0,0,0,0.29615400267523206,0.8452575370377525,0.986134407701374,0
7,standard,clean,oracle,153,1,1,1,0,0,0,0
7,standard,corrupt,present_only,153,0.49673202614379086,0.49698340874811464,0.46153846153846156,0.08339805456470469,0.02904865649963595,0,0
7,standard,corrupt,global_scene_memory,153,0.5490196078431373,0.5501910507792861,0.4807692307692308,0.11620210467303285,0.22364151126316412,0.1524255661479601,0
7,standard,corrupt,object_separated_memory,153,0.6470588235294118,0.6469783810960281,0.5686274509803921,0.08243861949002516,0.13891192408049,0.07471476161294556,0
7,standard,corrupt,object_contour_memory,153,0.6535947712418301,0.6536450477626948,0.5686274509803921,0.0776282358297569,0.07056414473132869,0.07420829411107176,0
7,standard,corrupt,shuffled_object_memory_control,153,0,0,0,0.2711257764828239,0.7143703559651642,0.9824558588753948,0
7,standard,corrupt,oracle,153,1,1,1,0,0,0,0
7,hard,clean,present_only,249,0.5100401606425703,0.5100389945379661,0.4878048780487805,0.08342461270877974,0.02656238991052018,0,0
7,hard,clean,global_scene_memory,249,0.642570281124498,0.6434040459165349,0.5119047619047619,0.08325732798779951,0.1091025304594248,0.06826068903726379,0
7,hard,clean,object_separated_memory,249,0.7469879518072289,0.7471080605814664,0.7261904761904762,0.06085702033771396,0.10074441319001487,0.028390876998731072,0
7,hard,clean,object_contour_memory,249,0.7269076305220884,0.7272189804514224,0.6785714285714286,0.0577262718443539,0.06540520524036421,0.02477146103958662,0
7,hard,clean,shuffled_object_memory_control,249,0,0,0,0.29845362291729627,0.8548302931608505,0.9866733505687096,0
7,hard,clean,oracle,249,1,1,1,0,0,0,0
7,hard,corrupt,present_only,249,0.5100401606425703,0.5100389945379661,0.4878048780487805,0.08342461270877974,0.02656238991052018,0,0
7,hard,corrupt,global_scene_memory,249,0.41365461847389556,0.4137502390514438,0.26506024096385544,0.12111307081139619,0.23720182332435424,0.15286761021289405,0
7,hard,corrupt,object_separated_memory,249,0.5220883534136547,0.5219460886519365,0.5060240963855421,0.10650780280605139,0.2181038251022839,0.09056239711048568,0
7,hard,corrupt,object_contour_memory,249,0.5381526104417671,0.5380604881780315,0.5180722891566265,0.0974394227630408,0.15720487093169877,0.08681560526965298,0
7,hard,corrupt,shuffled_object_memory_control,249,0,0,0,0.2768223760863132,0.7489463360710479,0.9846086853770956,0
7,hard,corrupt,oracle,249,1,1,1,0,0,0,0
7,extreme,clean,present_only,335,0.5134328358208955,0.5134338007125617,0.504424778761062,0.08390218293611612,0.03098664839069801,0,0
7,extreme,clean,global_scene_memory,335,0.608955223880597,0.6085943186606904,0.5181818181818182,0.08755915119935463,0.0920512390563496,0.06045444197578987,0
7,extreme,clean,object_separated_memory,335,0.8238805970149253,0.8237702562923802,0.8035714285714286,0.04750727735748609,0.07307157589666471,0.02804054015424275,0
7,extreme,clean,object_contour_memory,335,0.8208955223880597,0.8208204037850054,0.8035714285714286,0.046212178000989354,0.03894128917144925,0.023811132653865516,0
7,extreme,clean,shuffled_object_memory_control,335,0,0,0,0.29658102500357236,0.8497922486932845,0.9851432099469075,0
7,extreme,clean,oracle,335,1,1,1,0,0,0,0
7,extreme,corrupt,present_only,335,0.5134328358208955,0.5134338007125617,0.504424778761062,0.08390218293611612,0.03098664839069801,0,0
7,extreme,corrupt,global_scene_memory,335,0.5104477611940299,0.5102718078381795,0.48214285714285715,0.11124233025722288,0.14209469167699362,0.13615638755382578,0
7,extreme,corrupt,object_separated_memory,335,0.5970149253731343,0.5972598934988316,0.5752212389380531,0.09657372811768812,0.15145830076883587,0.1031469401274022,0
7,extreme,corrupt,object_contour_memory,335,0.6,0.6001834080373903,0.5803571428571429,0.08884921712080676,0.09871971084659634,0.09984161142872455,0
7,extreme,corrupt,shuffled_object_memory_control,335,0,0,0,0.27703829970606825,0.7487159315126982,0.9863565214515339,0
7,extreme,corrupt,oracle,335,1,1,1,0,0,0,0
8,standard,clean,present_only,144,0.4722222222222222,0.47214052287581704,0.4666666666666667,0.08366816353297347,0.040557408860980804,0,0
8,standard,clean,global_scene_memory,144,0.3888888888888889,0.38150871459694985,0.15555555555555556,0.13372562604163638,0.2601768526735183,0.21488483087671872,0
8,standard,clean,object_separated_memory,144,0.8194444444444444,0.8194716775599128,0.7708333333333334,0.041124229990701804,0.046709244099495915,0.03136207428812097,0
8,standard,clean,object_contour_memory,144,0.8125,0.8124727668845315,0.7916666666666666,0.04106340662201396,0.04329115725812587,0.026569874910022287,0
8,standard,clean,shuffled_object_memory_control,144,0,0,0,0.29383288583493644,0.8331779929057497,0.9856507845275613,0
8,standard,clean,oracle,144,1,1,1,0,0,0,0
8,standard,corrupt,present_only,144,0.4722222222222222,0.47214052287581704,0.4666666666666667,0.08366816353297347,0.040557408860980804,0,0
8,standard,corrupt,global_scene_memory,144,0.2986111111111111,0.3017701525054466,0.13725490196078433,0.1285116425586176,0.23939295051871087,0.27456019051490455,0
8,standard,corrupt,object_separated_memory,144,0.6111111111111112,0.6157679738562091,0.5098039215686274,0.09221734358863633,0.16739218593339467,0.08275922142129301,0
8,standard,corrupt,object_contour_memory,144,0.625,0.630119825708061,0.5098039215686274,0.0860600971167999,0.12878370673964648,0.08218028276118197,0
8,standard,corrupt,shuffled_object_memory_control,144,0,0,0,0.2763937598296008,0.7482738893474913,0.984081737096505,0
8,standard,corrupt,oracle,144,1,1,1,0,0,0,0
8,hard,clean,present_only,236,0.4957627118644068,0.49510872776085524,0.47297297297297297,0.08377798248159057,0.022437768568939087,0,0
8,hard,clean,global_scene_memory,236,0.4194915254237288,0.41903570491339287,0.3924050632911392,0.13199436389189098,0.3117017424874161,0.17572305590644793,0
8,hard,clean,object_separated_memory,236,0.7584745762711864,0.7581836068186534,0.7162162162162162,0.058667694670453505,0.10976983781765488,0.03734153975548572,0
8,hard,clean,object_contour_memory,236,0.75,0.7499481332789247,0.7108433734939759,0.05555333039821288,0.04708233496140081,0.032110369266288165,0
8,hard,clean,shuffled_object_memory_control,236,0,0,0,0.29685580409503654,0.8532440533367888,0.9851053818209546,0
8,hard,clean,oracle,236,1,1,1,0,0,0,0
8,hard,corrupt,present_only,236,0.4957627118644068,0.49510872776085524,0.47297297297297297,0.08377798248159057,0.022437768568939087,0,0
8,hard,corrupt,global_scene_memory,236,0.3601694915254237,0.359880163830141,0.33783783783783783,0.13399048319289594,0.26482050505122406,0.18083144630719686,0
8,hard,corrupt,object_separated_memory,236,0.5889830508474576,0.5911535296162412,0.5180722891566265,0.09541986855861602,0.17755173094558957,0.10868189647135584,0
8,hard,corrupt,object_contour_memory,236,0.5932203389830508,0.595861379146418,0.5060240963855421,0.08716671863446641,0.1401554875856254,0.10358395473860013,0
8,hard,corrupt,shuffled_object_memory_control,236,0,0,0,0.2736099625269434,0.731925861950645,0.9845580476815249,0
8,hard,corrupt,oracle,236,1,1,1,0,0,0,0
8,extreme,clean,present_only,316,0.49050632911392406,0.49103134008794386,0.4774774774774775,0.08367892622866605,0.031160847663224633,0,0
8,extreme,clean,global_scene_memory,316,0.4272151898734177,0.4231246684076873,0.30303030303030304,0.1252257029415798,0.2473413428478165,0.11617766316093694,0
8,extreme,clean,object_separated_memory,316,0.8291139240506329,0.8285747153671682,0.797979797979798,0.04607520746249982,0.0755375748417951,0.029298191597167903,0
8,extreme,clean,object_contour_memory,316,0.8132911392405063,0.812770746733011,0.7878787878787878,0.04483901381043814,0.019518141642790015,0.02507490695504941,0
8,extreme,clean,shuffled_object_memory_control,316,0,0,0,0.29493687029907856,0.8333943293525259,0.9859906805310682,0
8,extreme,clean,oracle,316,1,1,1,0,0,0,0
8,extreme,corrupt,present_only,316,0.49050632911392406,0.49103134008794386,0.4774774774774775,0.08367892622866605,0.031160847663224633,0,0
8,extreme,corrupt,global_scene_memory,316,0.48417721518987344,0.482982982982983,0.4444444444444444,0.11961961676389082,0.21609619662596619,0.15803289672898438,0
8,extreme,corrupt,object_separated_memory,316,0.6044303797468354,0.6057738699248133,0.5495495495495496,0.0914610556964959,0.14645979470859116,0.09645258154848142,0
8,extreme,corrupt,object_contour_memory,316,0.5981012658227848,0.5992622124697596,0.5495495495495496,0.08460413842810133,0.11578414818634908,0.09424145259321272,0
8,extreme,corrupt,shuffled_object_memory_control,316,0,0,0,0.27692991941715217,0.7495201567342167,0.9843091568812822,0
8,extreme,corrupt,oracle,316,1,1,1,0,0,0,0
9,standard,clean,present_only,146,0.4794520547945205,0.4802617855652899,0.45098039215686275,0.08429371406586311,0.05275857460846839,0,0
9,standard,clean,global_scene_memory,146,0.4315068493150685,0.4301296759838687,0.3125,0.11980537870719107,0.2318067322474492,0.06976687460987377,0
9,standard,clean,object_separated_memory,146,0.8356164383561644,0.8348630232234738,0.8085106382978723,0.04392941261932637,0.0686648739435255,0.03394860636283872,0
9,standard,clean,object_contour_memory,146,0.8356164383561644,0.8346022806285633,0.7916666666666666,0.0430911479725332,0.052149451919470104,0.02916855794990089,0
9,standard,clean,shuffled_object_memory_control,146,0,0,0,0.29479693760220926,0.8453098317518646,0.9830683452140729,0
9,standard,clean,oracle,146,1,1,1,0,0,0,0
9,standard,corrupt,present_only,146,0.4794520547945205,0.4802617855652899,0.45098039215686275,0.08429371406586311,0.05275857460846839,0,0
9,standard,corrupt,global_scene_memory,146,0.4657534246575342,0.46470414406897503,0.4375,0.11287815244390857,0.15591329337272483,0.17982673690528342,0
9,standard,corrupt,object_separated_memory,146,0.5958904109589042,0.594788624669726,0.5319148936170213,0.10227317960480903,0.18062138752331847,0.10824825405957605,0
9,standard,corrupt,object_contour_memory,146,0.6232876712328768,0.6224534139897094,0.574468085106383,0.09277704052830808,0.1799395695404271,0.10206371454700294,0
9,standard,corrupt,shuffled_object_memory_control,146,0,0,0,0.28354871891872824,0.7832278674313813,0.9839052815020174,0
9,standard,corrupt,oracle,146,1,1,1,0,0,0,0
9,hard,clean,present_only,235,0.4851063829787234,0.4854903333722332,0.45454545454545453,0.08406426157834918,0.039754521523683695,0,0
9,hard,clean,global_scene_memory,235,0.4127659574468085,0.4139881299701582,0.36585365853658536,0.11885440015413638,0.23390214092156802,0.12807607648603575,0
9,hard,clean,object_separated_memory,235,0.774468085106383,0.774759793052476,0.75,0.05299414519298463,0.08257010964877959,0.04061114675809151,0
9,hard,clean,object_contour_memory,235,0.7787234042553192,0.7788248337028825,0.75,0.05060653973990834,0.03680797786524676,0.03520562455877444,0
9,hard,clean,shuffled_object_memory_control,235,0,0,0,0.2942879997318688,0.8348969838597876,0.984958090464595,0
9,hard,clean,oracle,235,1,1,1,0,0,0,0
9,hard,corrupt,present_only,235,0.4851063829787234,0.4854903333722332,0.45454545454545453,0.08406426157834918,0.039754521523683695,0,0
9,hard,corrupt,global_scene_memory,235,0.4553191489361702,0.4544884939621782,0.37662337662337664,0.11662322310892403,0.1686636641005042,0.19732253174983838,0
9,hard,corrupt,object_separated_memory,235,0.5957446808510638,0.5955187303069204,0.5526315789473685,0.09858331188786366,0.1670217432076122,0.10688229487082343,0
9,hard,corrupt,object_contour_memory,235,0.5914893617021276,0.5909257622993181,0.5526315789473685,0.09051104751292953,0.12808170007029393,0.10379874755366406,0
9,hard,corrupt,shuffled_object_memory_control,235,0,0,0,0.27647723110157246,0.7533850902424133,0.9842377086133393,0
9,hard,corrupt,oracle,235,1,1,1,0,0,0,0
9,extreme,clean,present_only,318,0.4779874213836478,0.4770897671383108,0.44660194174757284,0.08464298753442641,0.05079670267067615,0,0
9,extreme,clean,global_scene_memory,318,0.44654088050314467,0.44466535243234273,0.34615384615384615,0.1135761716787595,0.2074214627725391,0.08439181168049996,0
9,extreme,clean,object_separated_memory,318,0.7641509433962265,0.763626210228152,0.7378640776699029,0.05284935328829115,0.07954154307303611,0.03558899123134853,0
9,extreme,clean,object_contour_memory,318,0.7672955974842768,0.7670956991345341,0.7572815533980582,0.05052800101183345,0.040940104314810766,0.03063263692061778,0
9,extreme,clean,shuffled_object_memory_control,318,0,0,0,0.295833591494125,0.8454300958335712,0.9848625032653736,0
9,extreme,clean,oracle,318,1,1,1,0,0,0,0
9,extreme,corrupt,present_only,318,0.4779874213836478,0.4770897671383108,0.44660194174757284,0.08464298753442641,0.05079670267067615,0,0
9,extreme,corrupt,global_scene_memory,318,0.5031446540880503,0.5032595141818442,0.4854368932038835,0.11111634439506676,0.2025239581683889,0.14525943547335196,0
9,extreme,corrupt,object_separated_memory,318,0.5691823899371069,0.5698520589297288,0.5145631067961165,0.10233259391978368,0.20228821563036475,0.11700749101192194,0
9,extreme,corrupt,object_contour_memory,318,0.550314465408805,0.550201340249884,0.44660194174757284,0.09368442739771787,0.1255544281994793,0.11183815667072673,0
9,extreme,corrupt,shuffled_object_memory_control,318,0,0,0,0.27446753896192144,0.7350716414716546,0.9861031175090654,0
9,extreme,corrupt,oracle,318,1,1,1,0,0,0,0
10,standard,clean,present_only,157,0.47770700636942676,0.47795946890286506,0.4444444444444444,0.0838708630969851,0.04305004219673059,0,0
10,standard,clean,global_scene_memory,157,0.49044585987261147,0.490188679245283,0.48,0.10796626480213856,0.21050480944822442,0.056641350741488836,0
10,standard,clean,object_separated_memory,157,0.7961783439490446,0.7962776613091078,0.7169811320754716,0.04836917885923955,0.08584085244372358,0.035436723762499615,0
10,standard,clean,object_contour_memory,157,0.7961783439490446,0.7966550197996739,0.6981132075471698,0.04681867608634831,0.04663780895495764,0.031021289111652996,0
10,standard,clean,shuffled_object_memory_control,157,0,0,0,0.29603018580057416,0.8460927678589714,0.9856342093050589,0
10,standard,clean,oracle,157,1,1,1,0,0,0,0
10,standard,corrupt,present_only,157,0.47770700636942676,0.47795946890286506,0.4444444444444444,0.0838708630969851,0.04305004219673059,0,0
10,standard,corrupt,global_scene_memory,157,0.46496815286624205,0.46503144654088047,0.41509433962264153,0.11541354691296324,0.20898546488602193,0.12194339420887235,0
10,standard,corrupt,object_separated_memory,157,0.6305732484076433,0.6313673421849523,0.5925925925925926,0.0869246281821885,0.16503151322300177,0.11804576591614263,0
10,standard,corrupt,object_contour_memory,157,0.6305732484076433,0.63148381085488,0.5740740740740741,0.07986211788532553,0.10360220243018683,0.11220135092817986,0
10,standard,corrupt,shuffled_object_memory_control,157,0,0,0,0.274369850645245,0.7290245663123409,0.9870507329603513,0
10,standard,corrupt,oracle,157,1,1,1,0,0,0,0
10,hard,clean,present_only,256,0.4609375,0.463071003779816,0.3977272727272727,0.08665901800706205,0.08272188947676729,0,0
10,hard,clean,global_scene_memory,256,0.49609375,0.4950446353703058,0.4567901234567901,0.10988555571589413,0.21588473221920618,0.04061863568530797,0
10,hard,clean,object_separated_memory,256,0.78515625,0.7845762864919953,0.7654320987654321,0.05511491150308565,0.08648524007612533,0.03404663449776074,0
10,hard,clean,object_contour_memory,256,0.78515625,0.7842924777790677,0.7530864197530864,0.052415612488604386,0.0238211010439007,0.029293278933228317,0
10,hard,clean,shuffled_object_memory_control,256,0,0,0,0.29963291460856484,0.8682160820803246,0.98553442042584,0
10,hard,clean,oracle,256,1,1,1,0,0,0,0
10,hard,corrupt,present_only,256,0.4609375,0.463071003779816,0.3977272727272727,0.08665901800706205,0.08272188947676729,0,0
10,hard,corrupt,global_scene_memory,256,0.48828125,0.49076492898331975,0.41379310344827586,0.11719968860911585,0.18897155905499208,0.11144027919335561,0
10,hard,corrupt,object_separated_memory,256,0.60546875,0.606407304204239,0.5795454545454546,0.09813152473564919,0.18182503513873668,0.13228888322254512,0
10,hard,corrupt,object_contour_memory,256,0.6328125,0.6336206896551724,0.6091954022988506,0.0892850803182198,0.1295133361164301,0.12598152752089534,0
10,hard,corrupt,shuffled_object_memory_control,256,0,0,0,0.27419255757384975,0.7330052370274143,0.9868490822484729,0
10,hard,corrupt,oracle,256,1,1,1,0,0,0,0
10,extreme,clean,present_only,345,0.48985507246376814,0.4906054949228182,0.453781512605042,0.08472879190592277,0.0564661343913293,0,0
10,extreme,clean,global_scene_memory,345,0.5565217391304348,0.5546433738554624,0.48623853211009177,0.10391541745023292,0.19372742684157435,0.06653526437848964,0
10,extreme,clean,object_separated_memory,345,0.7739130434782608,0.7750625381494244,0.7058823529411765,0.058960663450742176,0.09757416703438408,0.035473945414754855,0
10,extreme,clean,object_contour_memory,345,0.7565217391304347,0.7583212693844102,0.680672268907563,0.05537807809910876,0.04178493109976392,0.03070415180822768,0
10,extreme,clean,shuffled_object_memory_control,345,0,0,0,0.2958279000959999,0.8421497348627331,0.9862026565595283,0
10,extreme,clean,oracle,345,1,1,1,0,0,0,0
10,extreme,corrupt,present_only,345,0.48985507246376814,0.4906054949228182,0.453781512605042,0.08472879190592277,0.0564661343913293,0,0
10,extreme,corrupt,global_scene_memory,345,0.4405797101449275,0.4405475198783348,0.4358974358974359,0.1222114059923571,0.20801089073587212,0.12750259075920622,0
10,extreme,corrupt,object_separated_memory,345,0.5681159420289855,0.5673418744114912,0.5412844036697247,0.10008112561204846,0.18317188295700948,0.11066386962707135,0
10,extreme,corrupt,object_contour_memory,345,0.5652173913043478,0.5642837704359561,0.5321100917431193,0.091675784633774,0.15986714271049904,0.10528174518648549,0
10,extreme,corrupt,shuffled_object_memory_control,345,0,0,0,0.2787059037888761,0.7620141790378299,0.9849477051588672,0
10,extreme,corrupt,oracle,345,1,1,1,0,0,0,0
11,standard,clean,present_only,158,0.5063291139240507,0.5066666666666667,0.48148148148148145,0.08344649566331211,0.01867543319111964,0,0
11,standard,clean,global_scene_memory,158,0.44936708860759494,0.4506172839506173,0.35185185185185186,0.10584469608286111,0.20150914046613913,0.1428179832846982,0
11,standard,clean,object_separated_memory,158,0.7658227848101266,0.7661728395061728,0.7037037037037037,0.059611268189484805,0.12790134795543512,0.036842890731244755,0
11,standard,clean,object_contour_memory,158,0.7531645569620253,0.7528395061728395,0.7037037037037037,0.05549295660658986,0.08857378444445754,0.032437355495806466,0
11,standard,clean,shuffled_object_memory_control,158,0,0,0,0.29816447316848466,0.8524349284630012,0.9864285023689014,0
11,standard,clean,oracle,158,1,1,1,0,0,0,0
11,standard,corrupt,present_only,158,0.5063291139240507,0.5066666666666667,0.48148148148148145,0.08344649566331211,0.01867543319111964,0,0
11,standard,corrupt,global_scene_memory,158,0.4240506329113924,0.42444444444444446,0.2037037037037037,0.10846711677329036,0.19338014377073653,0.2582509013923673,0
11,standard,corrupt,object_separated_memory,158,0.5506329113924051,0.5503703703703704,0.54,0.10748826225762266,0.20774813035491377,0.1019212679479778,0
11,standard,corrupt,object_contour_memory,158,0.5506329113924051,0.5498765432098766,0.52,0.09784007219178531,0.19846184645355175,0.09924566031010401,0
11,standard,corrupt,shuffled_object_memory_control,158,0,0,0,0.2786183223742519,0.7533974190919327,0.9850750442642693,0
11,standard,corrupt,oracle,158,1,1,1,0,0,0,0
11,hard,clean,present_only,257,0.5136186770428015,0.5139802142535532,0.47126436781609193,0.08325328508724933,0.005329951544963185,0,0
11,hard,clean,global_scene_memory,257,0.45136186770428016,0.45128747525719776,0.4090909090909091,0.11422795687372894,0.22039430886100414,0.11852895360945628,0
11,hard,clean,object_separated_memory,257,0.7665369649805448,0.7668835113116023,0.7011494252873564,0.05484622129410524,0.12264696332252914,0.036563298128031135,0
11,hard,clean,object_contour_memory,257,0.7665369649805448,0.7668835113116023,0.7011494252873564,0.05178408336827864,0.04889387834299959,0.03166537524552092,0
11,hard,clean,shuffled_object_memory_control,257,0,0,0,0.29562689169522754,0.8461523840681001,0.9852383182606557,0
11,hard,clean,oracle,257,1,1,1,0,0,0,0
11,hard,corrupt,present_only,257,0.5136186770428015,0.5139802142535532,0.47126436781609193,0.08325328508724933,0.005329951544963185,0,0
11,hard,corrupt,global_scene_memory,257,0.5291828793774319,0.5280506919489257,0.47560975609756095,0.10781253665652192,0.19424653453113133,0.13106846781067988,0
11,hard,corrupt,object_separated_memory,257,0.6303501945525292,0.6298020151047905,0.6091954022988506,0.09138770738137457,0.13282150172761603,0.10949827043464147,0
11,hard,corrupt,object_contour_memory,257,0.622568093385214,0.6221391798557484,0.5862068965517241,0.08460099154262958,0.09728717557603654,0.10429564706949641,0
11,hard,corrupt,shuffled_object_memory_control,257,0,0,0,0.27870418540042163,0.7568927359297937,0.9859825249321049,0
11,hard,corrupt,oracle,257,1,1,1,0,0,0,0
11,extreme,clean,present_only,347,0.5043227665706052,0.5045888309098677,0.4745762711864407,0.08342961124061608,0.022143855325327477,0,0
11,extreme,clean,global_scene_memory,347,0.47262247838616717,0.47153215677642396,0.42727272727272725,0.10395169340450473,0.198388755622463,0.075677127708173,0
11,extreme,clean,object_separated_memory,347,0.7377521613832853,0.7389959990159393,0.7033898305084746,0.060717065525083824,0.09815098546557044,0.03194302877483198,0
11,extreme,clean,object_contour_memory,347,0.7406340057636888,0.7411570483355129,0.7203389830508474,0.05760147437678099,0.04629141078987618,0.02751171479439391,0
11,extreme,clean,shuffled_object_memory_control,347,0,0,0,0.2944815609796265,0.8359364912865289,0.986003506199673,0
11,extreme,clean,oracle,347,1,1,1,0,0,0,0
11,extreme,corrupt,present_only,347,0.5043227665706052,0.5045888309098677,0.4745762711864407,0.08342961124061608,0.022143855325327477,0,0
11,extreme,corrupt,global_scene_memory,347,0.42939481268011526,0.4286223580341227,0.39090909090909093,0.12223651376476397,0.23182051368906742,0.14624566555771887,0
11,extreme,corrupt,object_separated_memory,347,0.5821325648414986,0.581563102899095,0.5545454545454546,0.10263361648068263,0.18193480862188388,0.09548725131921926,0
11,extreme,corrupt,object_contour_memory,347,0.590778097982709,0.590654011990004,0.5630252100840336,0.09388748240468235,0.1329243629272682,0.09154201645817041,0
11,extreme,corrupt,shuffled_object_memory_control,347,0,0,0,0.2735511787481313,0.7336579237620662,0.9854286716247044,0
11,extreme,corrupt,oracle,347,1,1,1,0,0,0,0
12,standard,clean,present_only,150,0.5,0.4997252234227025,0.4489795918367347,0.0836036432180916,0.02952726112843118,0,0
12,standard,clean,global_scene_memory,150,0.4066666666666667,0.4067680405495531,0.37254901960784315,0.12499266188870961,0.2945091530964934,0.0801093531464161,0
12,standard,clean,object_separated_memory,150,0.7666666666666667,0.7666186474589836,0.66,0.06284012468390962,0.1368952701481154,0.030728300270809587,0
12,standard,clean,object_contour_memory,150,0.76,0.7602134187008137,0.68,0.05860042463662078,0.08425259295394433,0.026537102160222117,0
12,standard,clean,shuffled_object_memory_control,150,0,0,0,0.29889415611683545,0.8627613615263605,0.9827998237796387,0
12,standard,clean,oracle,150,1,1,1,0,0,0,0
12,standard,corrupt,present_only,150,0.5,0.4997252234227025,0.4489795918367347,0.0836036432180916,0.02952726112843118,0,0
12,standard,corrupt,global_scene_memory,150,0.4,0.39932773109243697,0.24,0.12043190178082104,0.23170981876393965,0.15192745094005622,0
12,standard,corrupt,object_separated_memory,150,0.5466666666666666,0.5466746698679472,0.5294117647058824,0.10278127572038241,0.19386850546344714,0.11151729041993494,0
12,standard,corrupt,object_contour_memory,150,0.56,0.5601493930905695,0.5490196078431373,0.09423519327334343,0.15341827387990303,0.10755865406705094,0
12,standard,corrupt,shuffled_object_memory_control,150,0,0,0,0.27919761048228825,0.7598118576682754,0.9864957737508153,0
12,standard,corrupt,oracle,150,1,1,1,0,0,0,0
12,hard,clean,present_only,244,0.5,0.4997960979721355,0.4625,0.08387507531457966,0.04165585816254458,0,0
12,hard,clean,global_scene_memory,244,0.5040983606557377,0.5042162477068769,0.4939759036144578,0.10862372571321574,0.20882198033802124,0.060489995244078366,0
12,hard,clean,object_separated_memory,244,0.7418032786885246,0.7424959095641827,0.6867469879518072,0.060002107124710435,0.0844134764953259,0.04153828345944367,0
12,hard,clean,object_contour_memory,244,0.7336065573770492,0.7342140165600674,0.6867469879518072,0.05732874615204886,0.04773615525350351,0.036705668507962454,0
12,hard,clean,shuffled_object_memory_control,244,0,0,0,0.29222137710264806,0.8233166037958954,0.9834155291718788,0
12,hard,clean,oracle,244,1,1,1,0,0,0,0
12,hard,corrupt,present_only,244,0.5,0.4997960979721355,0.4625,0.08387507531457966,0.04165585816254458,0,0
12,hard,corrupt,global_scene_memory,244,0.4918032786885246,0.4920651742773563,0.4578313253012048,0.11316417918995171,0.20427285730250178,0.11134902673239191,0
12,hard,corrupt,object_separated_memory,244,0.569672131147541,0.569718379691606,0.55,0.09595387237275314,0.17549948703089419,0.10155389390383233,0
12,hard,corrupt,object_contour_memory,244,0.5737704918032787,0.5739842084386931,0.5421686746987951,0.08827550409053683,0.12205194052106733,0.09762041717124202,0
12,hard,corrupt,shuffled_object_memory_control,244,0,0,0,0.2775972609932334,0.7547849579461006,0.9847694971680437,0
12,hard,corrupt,oracle,244,1,1,1,0,0,0,0
12,extreme,clean,present_only,328,0.49085365853658536,0.49101701089468675,0.4594594594594595,0.08386867750635822,0.047372360172663774,0,0
12,extreme,clean,global_scene_memory,328,0.5152439024390244,0.5147402754436393,0.44036697247706424,0.10484536351840783,0.19472858942507904,0.05842936367607416,0
12,extreme,clean,object_separated_memory,328,0.7896341463414634,0.7888262880617621,0.6759259259259259,0.052590222001836315,0.08833156824716676,0.03341829695318519,0
12,extreme,clean,object_contour_memory,328,0.7987804878048781,0.7980855473210213,0.7037037037037037,0.05061786195565143,0.027489257410145195,0.028777833213623812,0
12,extreme,clean,shuffled_object_memory_control,328,0,0,0,0.2973791623238427,0.8505385765560592,0.9866182689120281,0
12,extreme,clean,oracle,328,1,1,1,0,0,0,0
12,extreme,corrupt,present_only,328,0.49085365853658536,0.49101701089468675,0.4594594594594595,0.08386867750635822,0.047372360172663774,0,0
12,extreme,corrupt,global_scene_memory,328,0.47865853658536583,0.47878765615768676,0.44036697247706424,0.11180847762105929,0.19915651596280876,0.13309200971173227,0
12,extreme,corrupt,object_separated_memory,328,0.6036585365853658,0.6030977460641068,0.5462962962962963,0.09104681859105253,0.14006711450430237,0.10814738135314436,0
12,extreme,corrupt,object_contour_memory,328,0.6189024390243902,0.6181678620516541,0.5462962962962963,0.08452162898448966,0.08852127376995551,0.10447183965208458,0
12,extreme,corrupt,shuffled_object_memory_control,328,0,0,0,0.27341225346056763,0.7312597812690969,0.9848141182312156,0
12,extreme,corrupt,oracle,328,1,1,1,0,0,0,0
13,standard,clean,present_only,149,0.4966442953020134,0.4983102215245072,0.4230769230769231,0.08408265104520815,0.023669702780442392,0,0
13,standard,clean,global_scene_memory,149,0.5100671140939598,0.5127660038374324,0.4230769230769231,0.10741525094739421,0.23118416871300673,0.07576644426502954,0
13,standard,clean,object_separated_memory,149,0.7651006711409396,0.7655895691609977,0.75,0.05473037661138582,0.09678044972213352,0.05095134453670194,0
13,standard,clean,object_contour_memory,149,0.7718120805369127,0.772392290249433,0.75,0.05193422644955283,0.03188710277766496,0.044513317553059935,0
13,standard,clean,shuffled_object_memory_control,149,0,0,0,0.2931619635510463,0.8265526864198673,0.9856504528592691,0
13,standard,clean,oracle,149,1,1,1,0,0,0,0
13,standard,corrupt,present_only,149,0.4966442953020134,0.4983102215245072,0.4230769230769231,0.08408265104520815,0.023669702780442392,0,0
13,standard,corrupt,global_scene_memory,149,0.4899328859060403,0.49218341182626896,0.40384615384615385,0.11716632653002564,0.22980215168154283,0.1299734613325065,0
13,standard,corrupt,object_separated_memory,149,0.6174496644295302,0.6165838130123844,0.5416666666666666,0.09846807562060371,0.1660076672907146,0.12345652148401512,0
13,standard,corrupt,object_contour_memory,149,0.6375838926174496,0.6374171463457178,0.6041666666666666,0.09025653321655631,0.1169928954030629,0.11633200620924146,0
13,standard,corrupt,shuffled_object_memory_control,149,0,0,0,0.2775923196544813,0.7519535684394468,0.9848088163347896,0
13,standard,corrupt,oracle,149,1,1,1,0,0,0,0
13,hard,clean,present_only,243,0.5020576131687243,0.5031521469347232,0.4588235294117647,0.08406005410193322,0.022303592728231125,0,0
13,hard,clean,global_scene_memory,243,0.5761316872427984,0.5767187887813353,0.5529411764705883,0.0937943265545267,0.16285172790178343,0.040901264404863136,0
13,hard,clean,object_separated_memory,243,0.7736625514403292,0.7715065773144701,0.6582278481012658,0.052658995687970264,0.08125075268216075,0.03565742995233088,0
13,hard,clean,object_contour_memory,243,0.7818930041152263,0.7796475552246215,0.6582278481012658,0.050833466613946,0.05698470727511096,0.03096042517550129,0
13,hard,clean,shuffled_object_memory_control,243,0,0,0,0.29472780326088394,0.8314644139238718,0.9858149984430913,0
13,hard,clean,oracle,243,1,1,1,0,0,0,0
13,hard,corrupt,present_only,243,0.5020576131687243,0.5031521469347232,0.4588235294117647,0.08406005410193322,0.022303592728231125,0,0
13,hard,corrupt,global_scene_memory,243,0.5185185185185185,0.5203276247207743,0.4470588235294118,0.10323598653092399,0.1486978281009419,0.11458464245989487,0
13,hard,corrupt,object_separated_memory,243,0.5925925925925926,0.5924050632911392,0.5822784810126582,0.08939845901017707,0.14329699801472168,0.10777220632310798,0
13,hard,corrupt,object_contour_memory,243,0.588477366255144,0.5887813353189376,0.5764705882352941,0.08311556370903331,0.10649478929936368,0.1031959118545791,0
13,hard,corrupt,shuffled_object_memory_control,243,0,0,0,0.2742041420702243,0.730149375908221,0.9854995622312295,0
13,hard,corrupt,oracle,243,1,1,1,0,0,0,0
13,extreme,clean,present_only,326,0.49693251533742333,0.49707602339181284,0.4811320754716981,0.08344491940657559,0.023935006781950263,0,0
13,extreme,clean,global_scene_memory,326,0.588957055214724,0.5920776784729118,0.4649122807017544,0.09139492557297452,0.12771153902561744,0.051619923009715754,0
13,extreme,clean,object_separated_memory,326,0.745398773006135,0.7445106476884034,0.6886792452830188,0.06104482857410791,0.08015627035665598,0.029050174213183646,0
13,extreme,clean,object_contour_memory,326,0.7423312883435583,0.7409246386406266,0.6792452830188679,0.058428008390715686,0.0511556500119814,0.02505018323852051,0
13,extreme,clean,shuffled_object_memory_control,326,0,0,0,0.29535749388752425,0.8388992331081724,0.9857142135856273,0
13,extreme,clean,oracle,326,1,1,1,0,0,0,0
13,extreme,corrupt,present_only,326,0.49693251533742333,0.49707602339181284,0.4811320754716981,0.08344491940657559,0.023935006781950263,0,0
13,extreme,corrupt,global_scene_memory,326,0.46932515337423314,0.46855345911949686,0.4056603773584906,0.1108927103704882,0.17149586649312976,0.13775549211676955,0
13,extreme,corrupt,object_separated_memory,326,0.6288343558282209,0.6278825995807127,0.5754716981132075,0.08824277082895479,0.14302772447888173,0.10566001356422515,0
13,extreme,corrupt,object_contour_memory,326,0.6380368098159509,0.6370958843650006,0.5754716981132075,0.08152599682530973,0.08362370909403748,0.10126606500079967,0
13,extreme,corrupt,shuffled_object_memory_control,326,0,0,0,0.27805019493096217,0.7545143448627174,0.9857346551855598,0
13,extreme,corrupt,oracle,326,1,1,1,0,0,0,0
14,standard,clean,present_only,153,0.49019607843137253,0.49096028154851684,0.4230769230769231,0.08341523263129914,0.02965878831891805,0,0
14,standard,clean,global_scene_memory,153,0.43137254901960786,0.4325087983911513,0.34615384615384615,0.12677141854085355,0.2979072382761675,0.101140027264128,0
14,standard,clean,object_separated_memory,153,0.8235294117647058,0.8238662644544997,0.7884615384615384,0.041503151962341917,0.06361891550351073,0.03922330062219495,0
14,standard,clean,object_contour_memory,153,0.7973856209150327,0.7977174459527401,0.7692307692307693,0.04103969902602432,0.06584588011356055,0.03415622151822861,0
14,standard,clean,shuffled_object_memory_control,153,0,0,0,0.2950575325709767,0.8396039308364935,0.9852178682807449,0
14,standard,clean,oracle,153,1,1,1,0,0,0,0
14,standard,corrupt,present_only,153,0.49019607843137253,0.49096028154851684,0.4230769230769231,0.08341523263129914,0.02965878831891805,0,0
14,standard,corrupt,global_scene_memory,153,0.41830065359477125,0.41943690296631475,0.34615384615384615,0.13337692314256588,0.30629677905422703,0.1539000084965492,0
14,standard,corrupt,object_separated_memory,153,0.6405228758169934,0.6400452488687783,0.6,0.09146569150207307,0.17942630006333432,0.11017641757636679,0
14,standard,corrupt,object_contour_memory,153,0.6601307189542484,0.6597888386123681,0.64,0.08357461238219928,0.14181502799107498,0.10491118875634356,0
14,standard,corrupt,shuffled_object_memory_control,153,0,0,0,0.2746879287689995,0.7365399742422014,0.9852042421632214,0
14,standard,corrupt,oracle,153,1,1,1,0,0,0,0
14,hard,clean,present_only,248,0.5080645161290323,0.5080332946186604,0.5,0.0836249818369879,0.026614991544958833,0,0
14,hard,clean,global_scene_memory,248,0.5161290322580645,0.5163569492837786,0.4880952380952381,0.11254262432570813,0.2208432448668119,0.04301940840528786,0
14,hard,clean,object_separated_memory,248,0.8064516129032258,0.8066202090592335,0.7857142857142857,0.04275017125140596,0.04387565772672315,0.03245350534219274,0
14,hard,clean,object_contour_memory,248,0.8064516129032258,0.8068137824235384,0.7619047619047619,0.04215978749813402,0.04903651001742057,0.028078584956029818,0
14,hard,clean,shuffled_object_memory_control,248,0,0,0,0.29501834990690345,0.8425467067470216,0.9858461016777045,0
14,hard,clean,oracle,248,1,1,1,0,0,0,0
14,hard,corrupt,present_only,248,0.5080645161290323,0.5080332946186604,0.5,0.0836249818369879,0.026614991544958833,0,0
14,hard,corrupt,global_scene_memory,248,0.43951612903225806,0.43970189701897017,0.4166666666666667,0.11756232814315624,0.21861185960140694,0.12084630398938014,0
14,hard,corrupt,object_separated_memory,248,0.6411290322580645,0.6409214092140921,0.6219512195121951,0.08560390217631389,0.10537450448900898,0.10398444172595377,0
14,hard,corrupt,object_contour_memory,248,0.6491935483870968,0.6489547038327527,0.6219512195121951,0.07998896001018577,0.08097106064044783,0.09967494646880405,0
14,hard,corrupt,shuffled_object_memory_control,248,0,0,0,0.275910868534747,0.7411800760682582,0.9852691155824841,0
14,hard,corrupt,oracle,248,1,1,1,0,0,0,0
14,extreme,clean,present_only,334,0.5089820359281437,0.5092252348889517,0.48672566371681414,0.08458969734106705,0.03937596745284522,0,0
14,extreme,clean,global_scene_memory,334,0.5718562874251497,0.5721058951147446,0.5398230088495575,0.10193221126112002,0.14929143639992373,0.04888110431060337,0
14,extreme,clean,object_separated_memory,334,0.7754491017964071,0.7756121366740835,0.7117117117117117,0.052492874659564405,0.07596604331171905,0.03602781279715759,0
14,extreme,clean,object_contour_memory,334,0.7784431137724551,0.7785619891814582,0.7117117117117117,0.05041966603311715,0.018928472267266645,0.03138951506863005,0
14,extreme,clean,shuffled_object_memory_control,334,0,0,0,0.29632177676398525,0.8473134992449534,0.9852746727823783,0
14,extreme,clean,oracle,334,1,1,1,0,0,0,0
14,extreme,corrupt,present_only,334,0.5089820359281437,0.5092252348889517,0.48672566371681414,0.08458969734106705,0.03937596745284522,0,0
14,extreme,corrupt,global_scene_memory,334,0.5119760479041916,0.5119049862412695,0.4909090909090909,0.11117664438895795,0.16472298384818615,0.11509829074918587,0
14,extreme,corrupt,object_separated_memory,334,0.6287425149700598,0.6284978461969613,0.5818181818181818,0.08957357152349249,0.13729008621318545,0.09738171025803502,0
14,extreme,corrupt,object_contour_memory,334,0.625748502994012,0.6255752937168867,0.5909090909090909,0.0833936145947249,0.07452973317294916,0.09381710393986109,0
14,extreme,corrupt,shuffled_object_memory_control,334,0,0,0,0.2711634511960352,0.717737698006808,0.9844274398774165,0
14,extreme,corrupt,oracle,334,1,1,1,0,0,0,0
15,standard,clean,present_only,148,0.5135135135135135,0.5145047762694821,0.4807692307692308,0.08335932934618528,0.024425040361157224,0,0
15,standard,clean,global_scene_memory,148,0.5,0.49769565946036537,0.4444444444444444,0.10075364206867705,0.1801545975007363,0.04578724476667227,0
15,standard,clean,object_separated_memory,148,0.8040540540540541,0.8007541478129713,0.7333333333333333,0.05987372573338876,0.14166937041102295,0.03581756133431704,0
15,standard,clean,object_contour_memory,148,0.8108108108108109,0.8080358639182168,0.7555555555555555,0.0555745443091101,0.10228912318247721,0.030812701417610236,0
15,standard,clean,shuffled_object_memory_control,148,0,0,0,0.3033763527248051,0.8809540942379572,0.9857109635147515,0
15,standard,clean,oracle,148,1,1,1,0,0,0,0
15,standard,corrupt,present_only,148,0.5135135135135135,0.5145047762694821,0.4807692307692308,0.08335932934618528,0.024425040361157224,0,0
15,standard,corrupt,global_scene_memory,148,0.43243243243243246,0.430718954248366,0.39215686274509803,0.1170282301164656,0.22950329991386173,0.10171165953071094,0
15,standard,corrupt,object_separated_memory,148,0.5743243243243243,0.5713256242668008,0.5111111111111111,0.10062358986176427,0.2123559657601794,0.11209903675046097,0
15,standard,corrupt,object_contour_memory,148,0.5878378378378378,0.5842718283894754,0.5111111111111111,0.09150152335731938,0.17915265328486002,0.10535681455884668,0
15,standard,corrupt,shuffled_object_memory_control,148,0,0,0,0.2735324064496113,0.7306533314100347,0.9856518041200348,0
15,standard,corrupt,oracle,148,1,1,1,0,0,0,0
15,hard,clean,present_only,240,0.525,0.5254279593561447,0.5176470588235295,0.08324181046933288,0.0106180966704843,0,0
15,hard,clean,global_scene_memory,240,0.4875,0.4834732021776302,0.3835616438356164,0.10652072712857087,0.2107358907291843,0.060473364253466264,0
15,hard,clean,object_separated_memory,240,0.825,0.8261944537253592,0.8,0.046297221802136204,0.07083045708017754,0.032002203264198684,0
15,hard,clean,object_contour_memory,240,0.8166666666666667,0.8180643724245461,0.8,0.04487161490960135,0.02330305888995059,0.02743155588790113,0
15,hard,clean,shuffled_object_memory_control,240,0,0,0,0.29829285685407386,0.8588973863810282,0.986953522183878,0
15,hard,clean,oracle,240,1,1,1,0,0,0,0
15,hard,corrupt,present_only,240,0.525,0.5254279593561447,0.5176470588235295,0.08324181046933288,0.0106180966704843,0,0
15,hard,corrupt,global_scene_memory,240,0.425,0.4240030659774769,0.3972602739726027,0.12344050765686425,0.22233908115897869,0.14876133279500126,0
15,hard,corrupt,object_separated_memory,240,0.6166666666666667,0.6197251102245108,0.5487804878048781,0.09421726142855107,0.15796401423076897,0.08643601218172062,0
15,hard,corrupt,object_contour_memory,240,0.6041666666666666,0.608318101714458,0.524390243902439,0.08763475037600502,0.10749249758028781,0.08585881803986982,0
15,hard,corrupt,shuffled_object_memory_control,240,0,0,0,0.2809535735896286,0.7657910812867359,0.9844209491383197,0
15,hard,corrupt,oracle,240,1,1,1,0,0,0,0
15,extreme,clean,present_only,324,0.49382716049382713,0.4911532650663086,0.42857142857142855,0.08362060849315582,0.03456117212173293,0,0
15,extreme,clean,global_scene_memory,324,0.5154320987654321,0.5127620966130283,0.4489795918367347,0.10990182116079261,0.20697728660430648,0.07661520166824037,0
15,extreme,clean,object_separated_memory,324,0.7993827160493827,0.8001412237437083,0.7913043478260869,0.0466512984165758,0.06522144880616063,0.032514584588801125,0
15,extreme,clean,object_contour_memory,324,0.808641975308642,0.8088368759176213,0.7927927927927928,0.0455567817614445,0.046601824482027016,0.02775439211159896,0
15,extreme,clean,shuffled_object_memory_control,324,0,0,0,0.29543206458375926,0.8452642232796066,0.9854787734330431,0
15,extreme,clean,oracle,324,1,1,1,0,0,0,0
15,extreme,corrupt,present_only,324,0.49382716049382713,0.4911532650663086,0.42857142857142855,0.08362060849315582,0.03456117212173293,0,0
15,extreme,corrupt,global_scene_memory,324,0.5,0.5009533934999774,0.48695652173913045,0.10803522102685868,0.16603353389361414,0.12947513615182552,0
15,extreme,corrupt,object_separated_memory,324,0.5432098765432098,0.5421403657428502,0.5045045045045045,0.10645102478001357,0.20053403475639148,0.10815580502379454,0
15,extreme,corrupt,object_contour_memory,324,0.5493827160493827,0.5486491815684362,0.5225225225225225,0.09761636252733294,0.14787610374402188,0.10374269240203642,0
15,extreme,corrupt,shuffled_object_memory_control,324,0,0,0,0.27343854072521356,0.7312701496983829,0.9861265489770029,0
15,extreme,corrupt,oracle,324,1,1,1,0,0,0,0
16,standard,clean,present_only,148,0.5,0.4998666133119915,0.4897959183673469,0.08335316859258998,0.01100059127582187,0,0
16,standard,clean,global_scene_memory,148,0.36486486486486486,0.3623032546351874,0.12244897959183673,0.12589114199187704,0.17193773323844733,0.27485246498034316,0
16,standard,clean,object_separated_memory,148,0.8175675675675675,0.8165099373082566,0.7755102040816326,0.05153068282847954,0.1270142053991336,0.053275559803074655,0
16,standard,clean,object_contour_memory,148,0.8243243243243243,0.823312658396692,0.7916666666666666,0.04850546140555264,0.04613404121422509,0.04628281731494873,0
16,standard,clean,shuffled_object_memory_control,148,0,0,0,0.29799725733164917,0.8574816273930348,0.9838575827751455,0
16,standard,clean,oracle,148,1,1,1,0,0,0,0
16,standard,corrupt,present_only,148,0.5,0.4998666133119915,0.4897959183673469,0.08335316859258998,0.01100059127582187,0,0
16,standard,corrupt,global_scene_memory,148,0.46621621621621623,0.4659447112178204,0.3958333333333333,0.128412059523967,0.22549601811364572,0.2090740639344733,0
16,standard,corrupt,object_separated_memory,148,0.6621621621621622,0.6622565692943844,0.6458333333333334,0.08422540714105063,0.1485474207771209,0.09758991951129707,0
16,standard,corrupt,object_contour_memory,148,0.668918918918919,0.6692010137388289,0.6470588235294118,0.07857058972687778,0.09580694890302752,0.09409497044089776,0
16,standard,corrupt,shuffled_object_memory_control,148,0,0,0,0.2735214140972128,0.7258110706286461,0.9860892501471988,0
16,standard,corrupt,oracle,148,1,1,1,0,0,0,0
16,hard,clean,present_only,242,0.5,0.49995107010319756,0.4875,0.08339988106803735,0.015613952385150398,0,0
16,hard,clean,global_scene_memory,242,0.5247933884297521,0.5230459813939302,0.3875,0.09809059384259888,0.13550178094244983,0.06964822122013241,0
16,hard,clean,object_separated_memory,242,0.8388429752066116,0.8382600020334503,0.7848101265822784,0.04337063420358063,0.06551197850668125,0.03307087514465504,0
16,hard,clean,object_contour_memory,242,0.8347107438016529,0.8342439377764221,0.7848101265822784,0.04295364904886571,0.08319492774757709,0.028295561031358663,0
16,hard,clean,shuffled_object_memory_control,242,0,0,0,0.29528771988265157,0.8415644444665787,0.9847301553753249,0
16,hard,clean,oracle,242,1,1,1,0,0,0,0
16,hard,corrupt,present_only,242,0.5,0.49995107010319756,0.4875,0.08339988106803735,0.015613952385150398,0,0
16,hard,corrupt,global_scene_memory,242,0.4669421487603306,0.46532967312287127,0.34177215189873417,0.11819918677892066,0.16715634662515477,0.1925268512697857,0
16,hard,corrupt,object_separated_memory,242,0.5537190082644629,0.5539823852371512,0.5375,0.10595892939735838,0.20104660987758644,0.11131725730298896,0
16,hard,corrupt,object_contour_memory,242,0.5702479338842975,0.5704005897005744,0.55,0.09665500621139511,0.13016143464540636,0.10717375946216504,0
16,hard,corrupt,shuffled_object_memory_control,242,0,0,0,0.2760035644006645,0.7401474620972963,0.9861171541863782,0
16,hard,corrupt,oracle,242,1,1,1,0,0,0,0
16,extreme,clean,present_only,324,0.4876543209876543,0.4875069038355937,0.4716981132075472,0.08414163165005167,0.043989012674308936,0,0
16,extreme,clean,global_scene_memory,324,0.5709876543209876,0.5704188582869592,0.5188679245283019,0.09337679158289987,0.1307536052600617,0.06350933941812825,0
16,extreme,clean,object_separated_memory,324,0.7623456790123457,0.7629046786161934,0.7297297297297297,0.061177177967279665,0.10713976289459506,0.032290656814841674,0
16,extreme,clean,object_contour_memory,324,0.7623456790123457,0.7629046786161934,0.7297297297297297,0.057427592397443876,0.03582628282204052,0.027832427695283733,0
16,extreme,clean,shuffled_object_memory_control,324,0,0,0,0.29772507893095884,0.8578737532421303,0.9848810067254902,0
16,extreme,clean,oracle,324,1,1,1,0,0,0,0
16,extreme,corrupt,present_only,324,0.4876543209876543,0.4875069038355937,0.4716981132075472,0.08414163165005167,0.043989012674308936,0,0
16,extreme,corrupt,global_scene_memory,324,0.4783950617283951,0.47950825097712774,0.38738738738738737,0.1126710631948463,0.18002627760993567,0.16195913881975654,0
16,extreme,corrupt,object_separated_memory,324,0.5864197530864198,0.5866846391445227,0.5514018691588785,0.09917045700470015,0.1690425598547354,0.11748931317701614,0
16,extreme,corrupt,object_contour_memory,324,0.5925925925925926,0.592832296235576,0.5514018691588785,0.09084519384108967,0.15588775565271573,0.11188662401008144,0
16,extreme,corrupt,shuffled_object_memory_control,324,0,0,0,0.2746940315349491,0.7407554508851777,0.9842766172076174,0
16,extreme,corrupt,oracle,324,1,1,1,0,0,0,0
17,standard,clean,present_only,156,0.5576923076923077,0.5578298566644848,0.5471698113207547,0.08257897614505,0.031042664834001865,0,0
17,standard,clean,global_scene_memory,156,0.5384615384615384,0.5379990893309429,0.36538461538461536,0.10530116743414128,0.2440984952344179,0.04279441515710078,0
17,standard,clean,object_separated_memory,156,0.8141025641025641,0.8147950520314561,0.7547169811320755,0.048477606399008874,0.06920285497285682,0.03037854549868757,0
17,standard,clean,object_contour_memory,156,0.8012820512820513,0.8022164356792546,0.7169811320754716,0.047557372202314756,0.05053388880380186,0.0262743750167445,0
17,standard,clean,shuffled_object_memory_control,156,0,0,0,0.298094487274556,0.8594125535680356,0.9842329542598759,0
17,standard,clean,oracle,156,1,1,1,0,0,0,0
17,standard,corrupt,present_only,156,0.5576923076923077,0.5578298566644848,0.5471698113207547,0.08257897614505,0.031042664834001865,0,0
17,standard,corrupt,global_scene_memory,156,0.46794871794871795,0.4679463464147149,0.4230769230769231,0.10698049393788635,0.2235783212564308,0.10136731036796977,0
17,standard,corrupt,object_separated_memory,156,0.6153846153846154,0.6147917318838517,0.5490196078431373,0.09578320841854131,0.19556970270230178,0.10544264820073239,0
17,standard,corrupt,object_contour_memory,156,0.6282051282051282,0.6278636273086883,0.5882352941176471,0.0880216885007889,0.13259444418854113,0.09946573169815977,0
17,standard,corrupt,shuffled_object_memory_control,156,0,0,0,0.27576737747388735,0.739010813424392,0.9855457883292308,0
17,standard,corrupt,oracle,156,1,1,1,0,0,0,0
17,hard,clean,present_only,254,0.5393700787401575,0.5394552217076239,0.5232558139534884,0.08278676714754715,0.005895814171732239,0,0
17,hard,clean,global_scene_memory,254,0.5275590551181102,0.527283415467616,0.3764705882352941,0.10499938856157182,0.1764211505920812,0.05288247227713051,0
17,hard,clean,object_separated_memory,254,0.7795275590551181,0.7795576285992122,0.7764705882352941,0.05562598917101044,0.08260516757444789,0.03059228288045827,0
17,hard,clean,object_contour_memory,254,0.7755905511811023,0.7755415643421841,0.7710843373493976,0.0537195474844689,0.04377553616930879,0.02644118250318394,0
17,hard,clean,shuffled_object_memory_control,254,0,0,0,0.29170546988806173,0.8214541613833772,0.9876152554272349,0
17,hard,clean,oracle,254,1,1,1,0,0,0,0
17,hard,corrupt,present_only,254,0.5393700787401575,0.5394552217076239,0.5232558139534884,0.08278676714754715,0.005895814171732239,0,0
17,hard,corrupt,global_scene_memory,254,0.515748031496063,0.5155187095852631,0.3411764705882353,0.1069055026393027,0.14827431470868663,0.11696884212523867,0
17,hard,corrupt,object_separated_memory,254,0.6181102362204725,0.6183200654876688,0.5813953488372093,0.09408922895704906,0.15905546603347662,0.10421778260495079,0
17,hard,corrupt,object_contour_memory,254,0.6259842519685039,0.6261176031073679,0.5930232558139535,0.08696287696600095,0.11345483400154029,0.10174098784882782,0
17,hard,corrupt,shuffled_object_memory_control,254,0,0,0,0.2765084424108349,0.751942235362925,0.9859617769787343,0
17,hard,corrupt,oracle,254,1,1,1,0,0,0,0
17,extreme,clean,present_only,343,0.5276967930029155,0.5278467908902691,0.5,0.0836356948612521,0.028919731157773687,0,0
17,extreme,clean,global_scene_memory,343,0.5626822157434402,0.5623099164703363,0.46956521739130436,0.09411220261848728,0.1737490233191918,0.05367137401547765,0
17,extreme,clean,object_separated_memory,343,0.8046647230320699,0.8043308702791462,0.7767857142857143,0.051859791174273494,0.08395423249623829,0.030822444290647077,0
17,extreme,clean,object_contour_memory,343,0.7988338192419825,0.798378489326765,0.7589285714285714,0.04946593150097765,0.03993638912756507,0.02660219983895074,0
17,extreme,clean,shuffled_object_memory_control,343,0,0,0,0.2971624589463999,0.8551442633213133,0.9844961841996128,0
17,extreme,clean,oracle,343,1,1,1,0,0,0,0
17,extreme,corrupt,present_only,343,0.5276967930029155,0.5278467908902691,0.5,0.0836356948612521,0.028919731157773687,0,0
17,extreme,corrupt,global_scene_memory,343,0.46938775510204084,0.4692269936460341,0.45535714285714285,0.11212507340144062,0.18644659304715422,0.14473082331163997,0
17,extreme,corrupt,object_separated_memory,343,0.60932944606414,0.6091998643535376,0.5982142857142857,0.09392577505575082,0.15850418295623864,0.09300343554098275,0
17,extreme,corrupt,object_contour_memory,343,0.5889212827988338,0.5889073320482615,0.5826086956521739,0.08684491219753543,0.13535215959387292,0.09124469550119325,0
17,extreme,corrupt,shuffled_object_memory_control,343,0,0,0,0.27636453283205314,0.7452924133029248,0.9867114062429102,0
17,extreme,corrupt,oracle,343,1,1,1,0,0,0,0
18,standard,clean,present_only,151,0.4966887417218543,0.49685771744595275,0.4807692307692308,0.08363934785408383,0.023399263377836932,0,0
18,standard,clean,global_scene_memory,151,0.48344370860927155,0.481711915535445,0.375,0.12025275529494124,0.2058271142719574,0.20799532309203042,0
18,standard,clean,object_separated_memory,151,0.7549668874172185,0.7561274509803922,0.7058823529411765,0.054932634947184346,0.07623477410910737,0.03788398426396879,0
18,standard,clean,object_contour_memory,151,0.7483443708609272,0.749591503267974,0.6862745098039216,0.05257561260922318,0.042733023404709566,0.033439543773079776,0
18,standard,clean,shuffled_object_memory_control,151,0,0,0,0.28944290124675864,0.8062253588936381,0.9839113824479003,0
18,standard,clean,oracle,151,1,1,1,0,0,0,0
18,standard,corrupt,present_only,151,0.4966887417218543,0.49685771744595275,0.4807692307692308,0.08363934785408383,0.023399263377836932,0,0
18,standard,corrupt,global_scene_memory,151,0.5165562913907285,0.5187908496732027,0.43137254901960786,0.12001954125216968,0.22398125281396838,0.1775553606094519,0
18,standard,corrupt,object_separated_memory,151,0.5894039735099338,0.5897750125691302,0.5769230769230769,0.0963714247238177,0.18677650801403065,0.08766899740748559,0
18,standard,corrupt,object_contour_memory,151,0.5827814569536424,0.5829562594268477,0.5576923076923077,0.08875953059793415,0.1193295889134107,0.08717455040795473,0
18,standard,corrupt,shuffled_object_memory_control,151,0,0,0,0.27602753637613864,0.7401595769893132,0.9819789842784601,0
18,standard,corrupt,oracle,151,1,1,1,0,0,0,0
18,hard,clean,present_only,245,0.46122448979591835,0.46271257681604955,0.4117647058823529,0.08566222413699215,0.08454569326897066,0,0
18,hard,clean,global_scene_memory,245,0.4816326530612245,0.4776790891603082,0.37662337662337664,0.10402685566923975,0.1617894616972136,0.09525032913115325,0
18,hard,clean,object_separated_memory,245,0.8204081632653061,0.8181683188061643,0.7402597402597403,0.05510272838139399,0.1310518531105203,0.031861443817162396,0
18,hard,clean,object_contour_memory,245,0.8122448979591836,0.8091973700761795,0.7012987012987013,0.05152319320223407,0.060040273153257856,0.02763641240474592,0
18,hard,clean,shuffled_object_memory_control,245,0,0,0,0.29949746467185434,0.8617746315485968,0.9862738369472046,0
18,hard,clean,oracle,245,1,1,1,0,0,0,0
18,hard,corrupt,present_only,245,0.46122448979591835,0.46271257681604955,0.4117647058823529,0.08566222413699215,0.08454569326897066,0,0
18,hard,corrupt,global_scene_memory,245,0.4897959183673469,0.48953767706425394,0.4805194805194805,0.11027298497382201,0.14914745863118323,0.1363263523508134,0
18,hard,corrupt,object_separated_memory,245,0.6693877551020408,0.6705250336717382,0.6235294117647059,0.08078472918411302,0.11848364957741643,0.08765057978081793,0
18,hard,corrupt,object_contour_memory,245,0.6693877551020408,0.6705250336717382,0.6235294117647059,0.07557676264006162,0.0875883572055631,0.086069093585776,0
18,hard,corrupt,shuffled_object_memory_control,245,0,0,0,0.27391463661664445,0.7342275369132885,0.9842186964839635,0
18,hard,corrupt,oracle,245,1,1,1,0,0,0,0
18,extreme,clean,present_only,330,0.49393939393939396,0.4940998329156224,0.49107142857142855,0.08434927612610023,0.04737022397891816,0,0
18,extreme,clean,global_scene_memory,330,0.5060606060606061,0.5062736970631707,0.42857142857142855,0.10122937041666054,0.15297080373401595,0.10912416854443262,0
18,extreme,clean,object_separated_memory,330,0.7696969696969697,0.7682146070303965,0.7211538461538461,0.05764617304438745,0.09494589386217069,0.03049876502425263,0
18,extreme,clean,object_contour_memory,330,0.7696969696969697,0.7687246963562754,0.7403846153846154,0.05489992655064012,0.04691371465112445,0.026344485288931716,0
18,extreme,clean,shuffled_object_memory_control,330,0,0,0,0.2939228163826116,0.8314040800333076,0.9848218010824384,0
18,extreme,clean,oracle,330,1,1,1,0,0,0,0
18,extreme,corrupt,present_only,330,0.49393939393939396,0.4940998329156224,0.49107142857142855,0.08434927612610023,0.04737022397891816,0,0
18,extreme,corrupt,global_scene_memory,330,0.40606060606060607,0.4043682925261873,0.33653846153846156,0.11425703421844371,0.18628407403793168,0.1909896665722718,0
18,extreme,corrupt,object_separated_memory,330,0.5878787878787879,0.5870565837671101,0.5576923076923077,0.09634729666565957,0.14486276216174235,0.09334433325884348,0
18,extreme,corrupt,object_contour_memory,330,0.6,0.5988569179358654,0.5576923076923077,0.08952778835650048,0.10953731632041812,0.09132461910992964,0
18,extreme,corrupt,shuffled_object_memory_control,330,0,0,0,0.27743800657473,0.748226067789627,0.9864371537087417,0
18,extreme,corrupt,oracle,330,1,1,1,0,0,0,0
19,standard,clean,present_only,158,0.4936708860759494,0.4956680785521756,0.4642857142857143,0.08348484003409079,0.025488505902962977,0,0
19,standard,clean,global_scene_memory,158,0.4240506329113924,0.4186400975484534,0.30612244897959184,0.12436796901820757,0.26643134443917416,0.14673466225797033,0
19,standard,clean,object_separated_memory,158,0.7531645569620253,0.7527756385573098,0.6792452830188679,0.06130389003272477,0.11783924337138016,0.03654986904460245,0
19,standard,clean,object_contour_memory,158,0.7468354430379747,0.74512257733282,0.6792452830188679,0.05746304471790472,0.06497814232672407,0.031104104353298592,0
19,standard,clean,shuffled_object_memory_control,158,0,0,0,0.2957657061061508,0.8409512483711054,0.9857592568387283,0
19,standard,clean,oracle,158,1,1,1,0,0,0,0
19,standard,corrupt,present_only,158,0.4936708860759494,0.4956680785521756,0.4642857142857143,0.08348484003409079,0.025488505902962977,0,0
19,standard,corrupt,global_scene_memory,158,0.3291139240506329,0.3227441920164292,0.20408163265306123,0.14313461042317233,0.3262452534886096,0.23884382134334953,0
19,standard,corrupt,object_separated_memory,158,0.5126582278481012,0.5118245411372095,0.4716981132075472,0.11727259651328244,0.23812243270977,0.12061681034819514,0
19,standard,corrupt,object_contour_memory,158,0.5126582278481012,0.5109742010011552,0.4716981132075472,0.10599855772204123,0.20810802567264974,0.11358116016246698,0
19,standard,corrupt,shuffled_object_memory_control,158,0,0,0,0.2753619367879409,0.7385198055954365,0.9846420149802129,0
19,standard,corrupt,oracle,158,1,1,1,0,0,0,0
19,hard,clean,present_only,258,0.49612403100775193,0.49835947005400255,0.45652173913043476,0.08373789251016137,0.026831334298274667,0,0
19,hard,clean,global_scene_memory,258,0.4108527131782946,0.4069046700278553,0.3037974683544304,0.12649576069976562,0.29047452943077945,0.1127269695871348,0
19,hard,clean,object_separated_memory,258,0.748062015503876,0.7501639475620839,0.717391304347826,0.06417537522548587,0.11080718372366473,0.033935535964037436,0
19,hard,clean,object_contour_memory,258,0.751937984496124,0.753787135967881,0.7282608695652174,0.06008035978473283,0.06451608416328153,0.02932559533619002,0
19,hard,clean,shuffled_object_memory_control,258,0,0,0,0.2921517549589038,0.8279994438699954,0.9853692689826595,0
19,hard,clean,oracle,258,1,1,1,0,0,0,0
19,hard,corrupt,present_only,258,0.49612403100775193,0.49835947005400255,0.45652173913043476,0.08373789251016137,0.026831334298274667,0,0
19,hard,corrupt,global_scene_memory,258,0.4496124031007752,0.445492970814171,0.3670886075949367,0.12361127923130806,0.21342504872487245,0.18931113504178454,0
19,hard,corrupt,object_separated_memory,258,0.5736434108527132,0.5766626180580595,0.5108695652173914,0.10720894208178408,0.20728561923733385,0.10486804329701677,0
19,hard,corrupt,object_contour_memory,258,0.5930232558139535,0.5959994686201203,0.5217391304347826,0.09751153546955685,0.14789433432625784,0.10106653075394705,0
19,hard,corrupt,shuffled_object_memory_control,258,0,0,0,0.27586086170081103,0.742315853467126,0.9842096359806021,0
19,hard,corrupt,oracle,258,1,1,1,0,0,0,0
19,extreme,clean,present_only,346,0.49710982658959535,0.49838539023996914,0.4796747967479675,0.08359751968300858,0.0324318572589517,0,0
19,extreme,clean,global_scene_memory,346,0.3670520231213873,0.3644566900434365,0.29245283018867924,0.11589451129860316,0.2466484566833322,0.1380604431843022,0
19,extreme,clean,object_separated_memory,346,0.7572254335260116,0.754697314752538,0.6981132075471698,0.06003734358207196,0.09305477153011696,0.03818866094821059,0
19,extreme,clean,object_contour_memory,346,0.7514450867052023,0.748564682066753,0.6886792452830188,0.05635634619546677,0.043804517175897166,0.032815921258740874,0
19,extreme,clean,shuffled_object_memory_control,346,0,0,0,0.29740718100865565,0.8533926558117675,0.9861986217258503,0
19,extreme,clean,oracle,346,1,1,1,0,0,0,0
19,extreme,corrupt,present_only,346,0.49710982658959535,0.49838539023996914,0.4796747967479675,0.08359751968300858,0.0324318572589517,0,0
19,extreme,corrupt,global_scene_memory,346,0.37572254335260113,0.37331704957107625,0.3113207547169811,0.11912781059740249,0.2212674858945888,0.1975735178932846,0
19,extreme,corrupt,object_separated_memory,346,0.5982658959537572,0.5983633638948872,0.5853658536585366,0.09601177134588364,0.13765253129392716,0.10080706860671074,0
19,extreme,corrupt,object_contour_memory,346,0.5924855491329479,0.5922307312091021,0.5849056603773585,0.08918185908612346,0.1273845069992962,0.09679660295627722,0
19,extreme,corrupt,shuffled_object_memory_control,346,0,0,0,0.2757388142593749,0.745097352377683,0.9838971402848895,0
19,extreme,corrupt,oracle,346,1,1,1,0,0,0,0
20,standard,clean,present_only,148,0.527027027027027,0.5253555967841682,0.5,0.08328401254068128,0.017696647118817244,0,0
20,standard,clean,global_scene_memory,148,0.5675675675675675,0.5609771181199753,0.5,0.09253907657309311,0.12088700246564049,0.03873224310372196,0
20,standard,clean,object_separated_memory,148,0.7905405405405406,0.7910636982065554,0.7818181818181819,0.05273228280541336,0.08879620678329606,0.0385362953775797,0
20,standard,clean,object_contour_memory,148,0.777027027027027,0.775170068027211,0.75,0.05028203652627697,0.031843203414211915,0.03344513431604545,0
20,standard,clean,shuffled_object_memory_control,148,0,0,0,0.29562378461127164,0.8414913974905354,0.9838061498227039,0
20,standard,clean,oracle,148,1,1,1,0,0,0,0
20,standard,corrupt,present_only,148,0.527027027027027,0.5253555967841682,0.5,0.08328401254068128,0.017696647118817244,0,0
20,standard,corrupt,global_scene_memory,148,0.527027027027027,0.5269635126777984,0.40816326530612246,0.10158222125285779,0.1577295786231157,0.11022768987226095,0
20,standard,corrupt,object_separated_memory,148,0.5472972972972973,0.5457637600494744,0.5,0.10380030414592321,0.15874035257611196,0.09022162711084468,0
20,standard,corrupt,object_contour_memory,148,0.5405405405405406,0.5404761904761904,0.5227272727272727,0.09575640515312188,0.1285231751059454,0.08701729815852237,0
20,standard,corrupt,shuffled_object_memory_control,148,0,0,0,0.27391327080187877,0.7298861081341927,0.9850400189781909,0
20,standard,corrupt,oracle,148,1,1,1,0,0,0,0
20,hard,clean,present_only,241,0.5062240663900415,0.5042707032875572,0.4722222222222222,0.0838868352048872,0.018005044341387944,0,0
20,hard,clean,global_scene_memory,241,0.5435684647302904,0.5423585101955889,0.5277777777777778,0.11719319943738411,0.26111189674400814,0.07302086443956236,0
20,hard,clean,object_separated_memory,241,0.7510373443983402,0.7537141073657927,0.675,0.06110641112388881,0.11453074698007333,0.03876151426818622,0
20,hard,clean,object_contour_memory,241,0.7468879668049793,0.7499687890137329,0.675,0.05752397401278426,0.06588032136531091,0.033517123034573625,0
20,hard,clean,shuffled_object_memory_control,241,0,0,0,0.2935486329086475,0.8344435617820891,0.9821852220885847,0
20,hard,clean,oracle,241,1,1,1,0,0,0,0
20,hard,corrupt,present_only,241,0.5062240663900415,0.5042707032875572,0.4722222222222222,0.0838868352048872,0.018005044341387944,0,0
20,hard,corrupt,global_scene_memory,241,0.44398340248962653,0.4420255930087391,0.4166666666666667,0.11753825622567574,0.2185305486338115,0.14590796959516372,0
20,hard,corrupt,object_separated_memory,241,0.6099585062240664,0.6061173533083645,0.5416666666666666,0.09115071064320103,0.14260140436223132,0.12085376363322742,0
20,hard,corrupt,object_contour_memory,241,0.6141078838174274,0.6098626716604244,0.5416666666666666,0.08405164998732285,0.07965863657206781,0.11544805809562353,0
20,hard,corrupt,shuffled_object_memory_control,241,0,0,0,0.2729591277886878,0.7314067907183714,0.9849709111784656,0
20,hard,corrupt,oracle,241,1,1,1,0,0,0,0
20,extreme,clean,present_only,325,0.5076923076923077,0.5068823978617792,0.4845360824742268,0.08407549661070729,0.023781477913859206,0,0
20,extreme,clean,global_scene_memory,325,0.5015384615384615,0.50562873870434,0.44166666666666665,0.11677022636501543,0.23628178556453597,0.06355284279259989,0
20,extreme,clean,object_separated_memory,325,0.7876923076923077,0.788020236731577,0.775,0.04977004515191801,0.056045340270769656,0.028815089134184624,0
20,extreme,clean,object_contour_memory,325,0.7876923076923077,0.788020236731577,0.775,0.04847536635968722,0.034329432646351674,0.024761370955848155,0
20,extreme,clean,shuffled_object_memory_control,325,0,0,0,0.29687621778464895,0.8505446574368062,0.9860023664544119,0
20,extreme,clean,oracle,325,1,1,1,0,0,0,0
20,extreme,corrupt,present_only,325,0.5076923076923077,0.5068823978617792,0.4845360824742268,0.08407549661070729,0.023781477913859206,0,0
20,extreme,corrupt,global_scene_memory,325,0.48615384615384616,0.48315833015145726,0.37962962962962965,0.11058983076890208,0.15355820111998045,0.14994923798766222,0
20,extreme,corrupt,object_separated_memory,325,0.5907692307692308,0.5882016036655212,0.5,0.08397700052219378,0.13532612987496143,0.09744853709144607,0
20,extreme,corrupt,object_contour_memory,325,0.5969230769230769,0.5940658011963854,0.5092592592592593,0.0790806815204667,0.08156645406393832,0.0948281079915867,0
20,extreme,corrupt,shuffled_object_memory_control,325,0,0,0,0.2733842723267486,0.7313705247428122,0.9847098297157929,0
20,extreme,corrupt,oracle,325,1,1,1,0,0,0,0
21,standard,clean,present_only,144,0.5,0.500123947204537,0.4782608695652174,0.08377755401656709,0.0388649974515789,0,0
21,standard,clean,global_scene_memory,144,0.4930555555555556,0.4924150357028411,0.391304347826087,0.11130694585357385,0.22115526196518498,0.03141072122961238,0
21,standard,clean,object_separated_memory,144,0.7708333333333334,0.7722031766761592,0.7254901960784313,0.058676935319004205,0.12361959296906214,0.027683725830111187,0
21,standard,clean,object_contour_memory,144,0.7569444444444444,0.7577104230529708,0.7254901960784313,0.05551866145156369,0.10277066213189573,0.023850135454568253,0
21,standard,clean,shuffled_object_memory_control,144,0,0,0,0.29592168517641787,0.8457736215481833,0.9855211788516692,0
21,standard,clean,oracle,144,1,1,1,0,0,0,0
21,standard,corrupt,present_only,144,0.5,0.500123947204537,0.4782608695652174,0.08377755401656709,0.0388649974515789,0,0
21,standard,corrupt,global_scene_memory,144,0.4583333333333333,0.4596415809617094,0.4117647058823529,0.11561944302232534,0.20363252291301784,0.1034301145540735,0
21,standard,corrupt,object_separated_memory,144,0.6041666666666666,0.6050528136015431,0.5686274509803921,0.104191296601529,0.20431823637895533,0.0955075316652488,0
21,standard,corrupt,object_contour_memory,144,0.6180555555555556,0.6186809598955216,0.5869565217391305,0.09500237921728077,0.1760896553253401,0.09344050634637951,0
21,standard,corrupt,shuffled_object_memory_control,144,0,0,0,0.2785146566940446,0.753385955096775,0.9843782165514465,0
21,standard,corrupt,oracle,144,1,1,1,0,0,0,0
21,hard,clean,present_only,234,0.5042735042735043,0.5036264355668287,0.4533333333333333,0.08329588270758959,0.023177135853192588,0,0
21,hard,clean,global_scene_memory,234,0.4358974358974359,0.434949623053618,0.37333333333333335,0.11430692227261195,0.23637147048008572,0.083246046934891,0
21,hard,clean,object_separated_memory,234,0.7564102564102564,0.7565983231170295,0.7333333333333333,0.05581575397091209,0.08352133926811547,0.03461526460421047,0
21,hard,clean,object_contour_memory,234,0.7564102564102564,0.7566568026491932,0.7466666666666667,0.05326384291059687,0.04520950591741324,0.02955450750315464,0
21,hard,clean,shuffled_object_memory_control,234,0,0,0,0.2963425014553621,0.8475462421981491,0.9842306115317604,0
21,hard,clean,oracle,234,1,1,1,0,0,0,0
21,hard,corrupt,present_only,234,0.5042735042735043,0.5036264355668287,0.4533333333333333,0.08329588270758959,0.023177135853192588,0,0
21,hard,corrupt,global_scene_memory,234,0.4444444444444444,0.44414993306559575,0.38666666666666666,0.12236631801973485,0.23251696139286265,0.1162413073292402,0
21,hard,corrupt,object_separated_memory,234,0.5341880341880342,0.5316029028394279,0.47368421052631576,0.10836421341484655,0.21138333118050662,0.13109241335192443,0
21,hard,corrupt,object_contour_memory,234,0.5555555555555556,0.5529683646868174,0.47368421052631576,0.0981615819436003,0.143268065731959,0.12310604852016409,0
21,hard,corrupt,shuffled_object_memory_control,234,0,0,0,0.2741583602856326,0.7337330836859359,0.9853958054449727,0
21,hard,corrupt,oracle,234,1,1,1,0,0,0,0
21,extreme,clean,present_only,315,0.5111111111111111,0.5110404522169228,0.47058823529411764,0.0833036776964161,0.014147205779858063,0,0
21,extreme,clean,global_scene_memory,315,0.4031746031746032,0.40257904963787317,0.3137254901960784,0.12454535474722898,0.24559792909360467,0.11845032277456775,0
21,extreme,clean,object_separated_memory,315,0.7555555555555555,0.7555202261084614,0.7156862745098039,0.06087226609118229,0.11886975674723406,0.03229158669687445,0
21,extreme,clean,object_contour_memory,315,0.7555555555555555,0.7552552552552552,0.7058823529411765,0.05737136086856138,0.04235716979748491,0.028078930594325615,0
21,extreme,clean,shuffled_object_memory_control,315,0,0,0,0.2958327988633511,0.8442980661960618,0.9851784403736847,0
21,extreme,clean,oracle,315,1,1,1,0,0,0,0
21,extreme,corrupt,present_only,315,0.5111111111111111,0.5110404522169228,0.47058823529411764,0.0833036776964161,0.014147205779858063,0,0
21,extreme,corrupt,global_scene_memory,315,0.43174603174603177,0.4327857269033739,0.3963963963963964,0.11454641351251325,0.18491062827578758,0.16642088333774108,0
21,extreme,corrupt,object_separated_memory,315,0.6063492063492063,0.6077548136371665,0.5585585585585585,0.09291853695078493,0.1505477309049144,0.08446524077129651,0
21,extreme,corrupt,object_contour_memory,315,0.6190476190476191,0.6208267090620032,0.5585585585585585,0.08601733058923393,0.12228380872336661,0.08027983762991923,0
21,extreme,corrupt,shuffled_object_memory_control,315,0,0,0,0.2762598271276173,0.7459042796712222,0.9850313555977913,0
21,extreme,corrupt,oracle,315,1,1,1,0,0,0,0
22,standard,clean,present_only,155,0.4645161290322581,0.46296620046620046,0.4375,0.08410385802298706,0.05957891570794832,0,0
22,standard,clean,global_scene_memory,155,0.5096774193548387,0.5068084693084693,0.4230769230769231,0.10986690310409147,0.20963089046824773,0.10290874613904417,0
22,standard,clean,object_separated_memory,155,0.7935483870967742,0.7926573426573427,0.75,0.054248316075736554,0.09829311256801415,0.04234519114121285,0
22,standard,clean,object_contour_memory,155,0.7935483870967742,0.7931915306915306,0.7708333333333334,0.05097598572068241,0.050370940320000696,0.03597546068647207,0
22,standard,clean,shuffled_object_memory_control,155,0,0,0,0.29824410900989207,0.8580926132885314,0.9835195324427005,0
22,standard,clean,oracle,155,1,1,1,0,0,0,0
22,standard,corrupt,present_only,155,0.4645161290322581,0.46296620046620046,0.4375,0.08410385802298706,0.05957891570794832,0,0
22,standard,corrupt,global_scene_memory,155,0.4064516129032258,0.40735236985236983,0.34545454545454546,0.1198301587575258,0.24001117238149144,0.15271881600682602,0
22,standard,corrupt,object_separated_memory,155,0.567741935483871,0.5682012432012432,0.509090909090909,0.10015703534140026,0.2098886443070112,0.10836461046298404,0
22,standard,corrupt,object_contour_memory,155,0.5806451612903226,0.5817404817404818,0.5272727272727272,0.09092319166447832,0.15829440483343982,0.10244453392649375,0
22,standard,corrupt,shuffled_object_memory_control,155,0,0,0,0.28026517681286445,0.7652092374729942,0.9842823708353148,0
22,standard,corrupt,oracle,155,1,1,1,0,0,0,0
22,hard,clean,present_only,252,0.4801587301587302,0.47989346499515745,0.4642857142857143,0.08393818684394926,0.04756640088377778,0,0
22,hard,clean,global_scene_memory,252,0.373015873015873,0.3737241874420085,0.32142857142857145,0.13356202522807123,0.23474959691387698,0.24159979265267026,0
22,hard,clean,object_separated_memory,252,0.7658730158730159,0.767233205328782,0.7415730337078652,0.05471527134326271,0.07071128394384216,0.03472679401426167,0
22,hard,clean,object_contour_memory,252,0.7579365079365079,0.7580973602165467,0.7380952380952381,0.05284703180464192,0.02858978581693807,0.030293348590359124,0
22,hard,clean,shuffled_object_memory_control,252,0,0,0,0.29250357847830233,0.8246960009264461,0.9876943643496605,0
22,hard,clean,oracle,252,1,1,1,0,0,0,0
22,hard,corrupt,present_only,252,0.4801587301587302,0.47989346499515745,0.4642857142857143,0.08393818684394926,0.04756640088377778,0,0
22,hard,corrupt,global_scene_memory,252,0.42063492063492064,0.41584885981131176,0.25316455696202533,0.1335414118120076,0.2422049393816992,0.22671631275310786,0
22,hard,corrupt,object_separated_memory,252,0.5753968253968254,0.5762772799823006,0.550561797752809,0.10343558013516724,0.1734705770805724,0.13369405757363617,0
22,hard,corrupt,object_contour_memory,252,0.5793650793650794,0.5797996627181664,0.5714285714285714,0.09414275312077545,0.12117235876615494,0.12831801049120745,0
22,hard,corrupt,shuffled_object_memory_control,252,0,0,0,0.2756782308263576,0.742172319823934,0.9841266762282415,0
22,hard,corrupt,oracle,252,1,1,1,0,0,0,0
22,extreme,clean,present_only,339,0.49852507374631266,0.4974017179644163,0.46226415094339623,0.08451998127117635,0.03547715590809303,0,0
22,extreme,clean,global_scene_memory,339,0.5250737463126843,0.5172654496206007,0.330188679245283,0.101949542423811,0.1535183632211124,0.10104954410232328,0
22,extreme,clean,object_separated_memory,339,0.7728613569321534,0.7730496651268065,0.7433628318584071,0.053912872132004026,0.07986016851859655,0.03274719607097817,0
22,extreme,clean,object_contour_memory,339,0.7551622418879056,0.7545258900576983,0.7358490566037735,0.05227650923023089,0.035202301168832634,0.02825103892816392,0
22,extreme,clean,shuffled_object_memory_control,339,0,0,0,0.2918125095678741,0.8196844113782089,0.9849818188210928,0
22,extreme,clean,oracle,339,1,1,1,0,0,0,0
22,extreme,corrupt,present_only,339,0.49852507374631266,0.4974017179644163,0.46226415094339623,0.08451998127117635,0.03547715590809303,0,0
22,extreme,corrupt,global_scene_memory,339,0.39233038348082594,0.39022327971651727,0.33962264150943394,0.1212772872409614,0.16769301145248372,0.26262187033328016,0
22,extreme,corrupt,object_separated_memory,339,0.6253687315634219,0.6253654848704105,0.5929203539823009,0.08943716805393806,0.12388586279167266,0.12649834089006215,0
22,extreme,corrupt,object_contour_memory,339,0.6253687315634219,0.6257323611806831,0.5929203539823009,0.08350096796997417,0.08492818462490544,0.1223242722971555,0
22,extreme,corrupt,shuffled_object_memory_control,339,0,0,0,0.2725205628112334,0.7260793702197939,0.9858650700085566,0
22,extreme,corrupt,oracle,339,1,1,1,0,0,0,0
23,standard,clean,present_only,154,0.461038961038961,0.46089283512147,0.45098039215686275,0.0836151375771716,0.04804450494429413,0,0
23,standard,clean,global_scene_memory,154,0.45454545454545453,0.4547638426439759,0.3137254901960784,0.11534191419590316,0.2132768816278393,0.1016873239963408,0
23,standard,clean,object_separated_memory,154,0.7597402597402597,0.7597928227894931,0.72,0.059033584286024676,0.10961487870384931,0.03939495562042318,0
23,standard,clean,object_contour_memory,154,0.7662337662337663,0.7664594894561598,0.7358490566037735,0.05507912527463786,0.0515262997762826,0.03408365792712671,0
23,standard,clean,shuffled_object_memory_control,154,0,0,0,0.2987161393462827,0.8576678583902131,0.9851866248554491,0
23,standard,clean,oracle,154,1,1,1,0,0,0,0
23,standard,corrupt,present_only,154,0.461038961038961,0.46089283512147,0.45098039215686275,0.0836151375771716,0.04804450494429413,0,0
23,standard,corrupt,global_scene_memory,154,0.4675324675324675,0.4663115057343692,0.4117647058823529,0.11436202023635444,0.24650294551260749,0.15798009426999232,0
23,standard,corrupt,object_separated_memory,154,0.6558441558441559,0.6545936613639166,0.49019607843137253,0.08931392932290882,0.16287395265929316,0.11167633234626378,0
23,standard,corrupt,object_contour_memory,154,0.6623376623376623,0.6611296090763349,0.5098039215686274,0.08258183218732622,0.14173808340214916,0.10703556413074147,0
23,standard,corrupt,shuffled_object_memory_control,154,0,0,0,0.27610371944711315,0.7470117476144232,0.9832743438822651,0
23,standard,corrupt,oracle,154,1,1,1,0,0,0,0
23,hard,clean,present_only,250,0.488,0.487943159373065,0.48148148148148145,0.08361077255298704,0.02903576248313089,0,0
23,hard,clean,global_scene_memory,250,0.488,0.4889347801772695,0.37349397590361444,0.1091412644366363,0.21700159572014066,0.05833903960400609,0
23,hard,clean,object_separated_memory,250,0.812,0.8115614914438115,0.7777777777777778,0.04841549130634426,0.07030916679821395,0.0281667631738918,0
23,hard,clean,object_contour_memory,250,0.824,0.8236679131109567,0.8024691358024691,0.046874611579413736,0.04273481889475838,0.02437612857823569,0
23,hard,clean,shuffled_object_memory_control,250,0,0,0,0.2935293262517084,0.8337234154721538,0.9855844903749986,0
23,hard,clean,oracle,250,1,1,1,0,0,0,0
23,hard,corrupt,present_only,250,0.488,0.487943159373065,0.48148148148148145,0.08361077255298704,0.02903576248313089,0,0
23,hard,corrupt,global_scene_memory,250,0.44,0.4396921593926668,0.3855421686746988,0.11837764841827281,0.22572901664579997,0.11508730572745748,0
23,hard,corrupt,object_separated_memory,250,0.64,0.6397995081099591,0.5783132530120482,0.09032837487433767,0.13604820795504036,0.10834732140077945,0
23,hard,corrupt,object_contour_memory,250,0.648,0.647732474543595,0.6144578313253012,0.08382285050063168,0.11281955142597157,0.10265135734984948,0
23,hard,corrupt,shuffled_object_memory_control,250,0,0,0,0.27579389658205195,0.7410188940913749,0.9871680076004063,0
23,hard,corrupt,oracle,250,1,1,1,0,0,0,0
23,extreme,clean,present_only,337,0.47774480712166173,0.47767904219580903,0.4732142857142857,0.08417232829296571,0.052632959712076544,0,0
23,extreme,clean,global_scene_memory,337,0.49851632047477745,0.5002127867914011,0.4107142857142857,0.1091279828944203,0.21221266960025165,0.07177413107114422,0
23,extreme,clean,object_separated_memory,337,0.7804154302670623,0.7805462029797683,0.7758620689655172,0.05183212099678674,0.055618266151797165,0.030416679871139312,0
23,extreme,clean,object_contour_memory,337,0.7863501483679525,0.7864373841912595,0.7672413793103449,0.050050675590770394,0.022038493899725606,0.026162073801240197,0
23,extreme,clean,shuffled_object_memory_control,337,0,0,0,0.29678719745517307,0.8444485960938128,0.9863532149035467,0
23,extreme,clean,oracle,337,1,1,1,0,0,0,0
23,extreme,corrupt,present_only,337,0.47774480712166173,0.47767904219580903,0.4732142857142857,0.08417232829296571,0.052632959712076544,0,0
23,extreme,corrupt,global_scene_memory,337,0.456973293768546,0.4564154276072973,0.4375,0.11757932154431669,0.19833476258426025,0.1360901362544358,0
23,extreme,corrupt,object_separated_memory,337,0.599406528189911,0.6004786761272052,0.5535714285714286,0.09287842621872781,0.1408595494672773,0.10829865164598305,0
23,extreme,corrupt,object_contour_memory,337,0.6053412462908012,0.6065336843373857,0.5603448275862069,0.0859660453022887,0.12050128475807917,0.10324196337348607,0
23,extreme,corrupt,shuffled_object_memory_control,337,0,0,0,0.2716544920318696,0.7206523248653521,0.9861746722734623,0
23,extreme,corrupt,oracle,337,1,1,1,0,0,0,0
24,standard,clean,present_only,151,0.5231788079470199,0.5227672955974842,0.5,0.0831621860910371,0.00938938415658963,0,0
24,standard,clean,global_scene_memory,151,0.48344370860927155,0.48155660377358495,0.4375,0.1112952808956106,0.20565736927889428,0.14301227654379323,0
24,standard,clean,object_separated_memory,151,0.7748344370860927,0.7738731656184488,0.7291666666666666,0.05654226866722533,0.0734961994604383,0.03542025799988524,0
24,standard,clean,object_contour_memory,151,0.7880794701986755,0.7877620545073375,0.7708333333333334,0.05380903700056707,0.05931318874536305,0.030275129521277474,0
24,standard,clean,shuffled_object_memory_control,151,0,0,0,0.2950607092780844,0.8434572874507893,0.9861820086543459,0
24,standard,clean,oracle,151,1,1,1,0,0,0,0
24,standard,corrupt,present_only,151,0.5231788079470199,0.5227672955974842,0.5,0.0831621860910371,0.00938938415658963,0,0
24,standard,corrupt,global_scene_memory,151,0.5165562913907285,0.5127044025157232,0.34,0.10776729561270885,0.17895535668373838,0.17935378489506063,0
24,standard,corrupt,object_separated_memory,151,0.5761589403973509,0.576556603773585,0.5471698113207547,0.10868335359279277,0.20391596317032765,0.10992826116760393,0
24,standard,corrupt,object_contour_memory,151,0.5695364238410596,0.5698899371069183,0.5471698113207547,0.09819644123001978,0.14297407452979383,0.10551635001279919,0
24,standard,corrupt,shuffled_object_memory_control,151,0,0,0,0.28328272662330634,0.7832938255508834,0.9850365824799174,0
24,standard,corrupt,oracle,151,1,1,1,0,0,0,0
24,hard,clean,present_only,247,0.5101214574898786,0.5100457901130736,0.5,0.0834007241181898,0.013802171763314552,0,0
24,hard,clean,global_scene_memory,247,0.5748987854251012,0.5705469654166038,0.3902439024390244,0.08957041995683651,0.1550955378455407,0.034889922370845365,0
24,hard,clean,object_separated_memory,247,0.805668016194332,0.8041628029012386,0.7692307692307693,0.05635772025775744,0.12159019198990251,0.02749612146313282,0
24,hard,clean,object_contour_memory,247,0.8097165991902834,0.8075521338767765,0.7564102564102564,0.053553036308178974,0.0805787034594319,0.023417510618648805,0
24,hard,clean,shuffled_object_memory_control,247,0,0,0,0.2948647862240987,0.8408424690935331,0.9842699611095682,0
24,hard,clean,oracle,247,1,1,1,0,0,0,0
24,hard,corrupt,present_only,247,0.5101214574898786,0.5100457901130736,0.5,0.0834007241181898,0.013802171763314552,0,0
24,hard,corrupt,global_scene_memory,247,0.4817813765182186,0.4825249976637697,0.45977011494252873,0.10804546734082553,0.20702887087331928,0.09101017268613844,0
24,hard,corrupt,object_separated_memory,247,0.611336032388664,0.6121714002285912,0.5632183908045977,0.09633628808778442,0.16307983511553475,0.09541341479687537,0
24,hard,corrupt,object_contour_memory,247,0.6234817813765182,0.6245749858029085,0.5632183908045977,0.08858846331412668,0.1325919442435488,0.08987671280353615,0
24,hard,corrupt,shuffled_object_memory_control,247,0,0,0,0.27872392677376706,0.7551217784137667,0.9857225096986383,0
24,hard,corrupt,oracle,247,1,1,1,0,0,0,0
24,extreme,clean,present_only,332,0.5150602409638554,0.5144448144448144,0.49523809523809526,0.08346052199701443,0.0056066657936089115,0,0
24,extreme,clean,global_scene_memory,332,0.46987951807228917,0.4694638694638695,0.45454545454545453,0.10502421892017273,0.16165431112397938,0.08976463371312195,0
24,extreme,clean,object_separated_memory,332,0.7891566265060241,0.7893106893106894,0.7692307692307693,0.052987478374024226,0.0633030312822427,0.0354116001557977,0
24,extreme,clean,object_contour_memory,332,0.7921686746987951,0.7926665926665927,0.7606837606837606,0.051006470818661,0.03503903055912246,0.03069590783244464,0
24,extreme,clean,shuffled_object_memory_control,332,0,0,0,0.2974911963629791,0.8527867673264731,0.9852518293460393,0
24,extreme,clean,oracle,332,1,1,1,0,0,0,0
24,extreme,corrupt,present_only,332,0.5150602409638554,0.5144448144448144,0.49523809523809526,0.08346052199701443,0.0056066657936089115,0,0
24,extreme,corrupt,global_scene_memory,332,0.45180722891566266,0.4512080512080512,0.36363636363636365,0.11513079738539647,0.18628481850489303,0.1423573445842925,0
24,extreme,corrupt,object_separated_memory,332,0.5542168674698795,0.552062752062752,0.4857142857142857,0.11075424778361359,0.2070046483278998,0.12458568482157337,0
24,extreme,corrupt,object_contour_memory,332,0.5662650602409639,0.564002664002664,0.4857142857142857,0.10055156712658482,0.1825353060601131,0.1192776050685832,0
24,extreme,corrupt,shuffled_object_memory_control,332,0,0,0,0.2766355484000921,0.7515864037810542,0.9847710080770861,0
24,extreme,corrupt,oracle,332,1,1,1,0,0,0,0
25,standard,clean,present_only,151,0.4768211920529801,0.4768627450980392,0.44,0.08376610948795295,0.04167257360039245,0,0
25,standard,clean,global_scene_memory,151,0.40397350993377484,0.40483660130718957,0.27450980392156865,0.13356063871908544,0.2541263612685114,0.18131032263549787,0
25,standard,clean,object_separated_memory,151,0.8543046357615894,0.8547712418300654,0.7843137254901961,0.03612507659106576,0.036941037764135855,0.025891266052929032,0
25,standard,clean,object_contour_memory,151,0.8410596026490066,0.8414379084967321,0.7843137254901961,0.036545329538964035,0.06217969376416216,0.022898121017095485,0
25,standard,clean,shuffled_object_memory_control,151,0,0,0,0.2943487044272384,0.833681896994374,0.9872124220178041,0
25,standard,clean,oracle,151,1,1,1,0,0,0,0
25,standard,corrupt,present_only,151,0.4768211920529801,0.4768627450980392,0.44,0.08376610948795295,0.04167257360039245,0,0
25,standard,corrupt,global_scene_memory,151,0.3973509933774834,0.397516339869281,0.36,0.1351723602223126,0.25905078150296834,0.22181546062181165,0
25,standard,corrupt,object_separated_memory,151,0.6026490066225165,0.602875816993464,0.5686274509803921,0.08856090663710654,0.13270707810057625,0.10753420268219037,0
25,standard,corrupt,object_contour_memory,151,0.609271523178808,0.6095424836601308,0.5686274509803921,0.08265417864096442,0.10530265368481379,0.10323011658235899,0
25,standard,corrupt,shuffled_object_memory_control,151,0,0,0,0.2745663998875702,0.7382318204634022,0.9842270366564654,0
25,standard,corrupt,oracle,151,1,1,1,0,0,0,0
25,hard,clean,present_only,247,0.4817813765182186,0.4817807816632383,0.4634146341463415,0.08343450117943473,0.026955039420413773,0,0
25,hard,clean,global_scene_memory,247,0.4089068825910931,0.4090998138897051,0.3614457831325301,0.11581566424013862,0.2425443909284519,0.10606574520369796,0
25,hard,clean,object_separated_memory,247,0.8137651821862348,0.8137427759819765,0.8048780487804879,0.04243781597115316,0.05749524905738768,0.035934224817115036,0
25,hard,clean,object_contour_memory,247,0.8137651821862348,0.8137427759819765,0.8048780487804879,0.04202753962017282,0.03834447423405608,0.031175149237536576,0
25,hard,clean,shuffled_object_memory_control,247,0,0,0,0.29339145674702444,0.8296504814038688,0.9854383450993277,0
25,hard,clean,oracle,247,1,1,1,0,0,0,0
25,hard,corrupt,present_only,247,0.4817813765182186,0.4817807816632383,0.4634146341463415,0.08343450117943473,0.026955039420413773,0,0
25,hard,corrupt,global_scene_memory,247,0.42105263157894735,0.42134391223430306,0.3493975903614458,0.12452054822712444,0.2281548931777616,0.27112027762939334,0
25,hard,corrupt,object_separated_memory,247,0.6275303643724697,0.627436575570575,0.5975609756097561,0.09180828274603114,0.15859452826551165,0.10985780206695463,0
25,hard,corrupt,object_contour_memory,247,0.631578947368421,0.6315995690077383,0.6219512195121951,0.085383341221062,0.14210850901263145,0.10744227292018027,0
25,hard,corrupt,shuffled_object_memory_control,247,0,0,0,0.27621252200625573,0.7463098708684528,0.9845803333032008,0
25,hard,corrupt,oracle,247,1,1,1,0,0,0,0
25,extreme,clean,present_only,331,0.486404833836858,0.48643188643188645,0.4774774774774775,0.08494208489780398,0.06197977680498162,0,0
25,extreme,clean,global_scene_memory,331,0.3987915407854985,0.3989079989079989,0.35454545454545455,0.11399975307274011,0.2263991375204879,0.07517128884560262,0
25,extreme,clean,object_separated_memory,331,0.7885196374622356,0.7885612885612886,0.7454545454545455,0.0496352068231344,0.06099642654162985,0.032337085624958205,0
25,extreme,clean,object_contour_memory,331,0.8006042296072508,0.8006279006279007,0.7545454545454545,0.04792812205012077,0.028948093113204253,0.027946455317508532,0
25,extreme,clean,shuffled_object_memory_control,331,0,0,0,0.2950966423575008,0.8409642861823519,0.9859554295289985,0
25,extreme,clean,oracle,331,1,1,1,0,0,0,0
25,extreme,corrupt,present_only,331,0.486404833836858,0.48643188643188645,0.4774774774774775,0.08494208489780398,0.06197977680498162,0,0
25,extreme,corrupt,global_scene_memory,331,0.48338368580060426,0.4833469833469833,0.4090909090909091,0.11244827398297834,0.19275840469697175,0.12942838061827538,0
25,extreme,corrupt,object_separated_memory,331,0.6253776435045317,0.6254709254709255,0.5945945945945946,0.09679511620706176,0.1707537412427898,0.09378138172014945,0
25,extreme,corrupt,object_contour_memory,331,0.622356495468278,0.6224679224679225,0.5855855855855856,0.08922595674636738,0.14093332165802455,0.09155415253835829,0
25,extreme,corrupt,shuffled_object_memory_control,331,0,0,0,0.2749049234846063,0.7393129722984115,0.9852260976196366,0
25,extreme,corrupt,oracle,331,1,1,1,0,0,0,0
26,standard,clean,present_only,154,0.5064935064935064,0.5054095712359018,0.46938775510204084,0.08375734579069055,0.010058820850949113,0,0
26,standard,clean,global_scene_memory,154,0.2857142857142857,0.2834244809034725,0.19607843137254902,0.13677604092208762,0.2539838081850517,0.2564130412470572,0
26,standard,clean,object_separated_memory,154,0.8051948051948052,0.8029730410682792,0.6666666666666666,0.04823796323620487,0.0767184147269914,0.03387088941445205,0
26,standard,clean,object_contour_memory,154,0.7987012987012987,0.7968002015621063,0.6666666666666666,0.04597622314751441,0.04439639178204875,0.028900694518617726,0
26,standard,clean,shuffled_object_memory_control,154,0,0,0,0.29218612243153297,0.82718244190026,0.985078265957806,0
26,standard,clean,oracle,154,1,1,1,0,0,0,0
26,standard,corrupt,present_only,154,0.5064935064935064,0.5054095712359018,0.46938775510204084,0.08375734579069055,0.010058820850949113,0,0
26,standard,corrupt,global_scene_memory,154,0.34415584415584416,0.3446489706993909,0.19607843137254902,0.13369877813075542,0.22633999897465013,0.281550475106868,0
26,standard,corrupt,object_separated_memory,154,0.5454545454545454,0.5437063714374638,0.5098039215686274,0.11074487275463571,0.20848690031780404,0.1371856913096622,0
26,standard,corrupt,object_contour_memory,154,0.5454545454545454,0.5443362530197264,0.5098039215686274,0.10015086198397447,0.153382179318719,0.13090695010331763,0
26,standard,corrupt,shuffled_object_memory_control,154,0,0,0,0.27561161602906264,0.7463529056712292,0.9846628409071251,0
26,standard,corrupt,oracle,154,1,1,1,0,0,0,0
26,hard,clean,present_only,250,0.504,0.504369918699187,0.47560975609756095,0.08353009990285258,0.010991447576813251,0,0
26,hard,clean,global_scene_memory,250,0.336,0.33187361419068734,0.15,0.1234922427625188,0.2186222084464715,0.22404078199273933,0
26,hard,clean,object_separated_memory,250,0.792,0.7896064301552107,0.7125,0.05295238306275239,0.07653897514675409,0.036004221351621776,0
26,hard,clean,object_contour_memory,250,0.796,0.7936714708056171,0.7125,0.05067079656706974,0.045024163505495256,0.03130081475494218,0
26,hard,clean,shuffled_object_memory_control,250,0,0,0,0.297726966595742,0.8515000907763585,0.9873096464664937,0
26,hard,clean,oracle,250,1,1,1,0,0,0,0
26,hard,corrupt,present_only,250,0.504,0.504369918699187,0.47560975609756095,0.08353009990285258,0.010991447576813251,0,0
26,hard,corrupt,global_scene_memory,250,0.496,0.4946692535107169,0.4125,0.12317058952755638,0.218809127992355,0.1691825639647672,0
26,hard,corrupt,object_separated_memory,250,0.576,0.576810790835181,0.5340909090909091,0.09534717969356958,0.15994070988079578,0.09279358492687263,0
26,hard,corrupt,object_contour_memory,250,0.584,0.5846637102734663,0.5454545454545454,0.08824468412632262,0.09964385421070426,0.09068236150846558,0
26,hard,corrupt,shuffled_object_memory_control,250,0,0,0,0.2753189913346575,0.7414864569437525,0.9875002484169711,0
26,hard,corrupt,oracle,250,1,1,1,0,0,0,0
26,extreme,clean,present_only,337,0.5044510385756676,0.5049328990006956,0.4915254237288136,0.08413337509839941,0.029409666742753138,0,0
26,extreme,clean,global_scene_memory,337,0.4540059347181009,0.45532962340871946,0.4067796610169492,0.11121870803092176,0.23103352834128107,0.12061259218932777,0
26,extreme,clean,object_separated_memory,337,0.7833827893175074,0.7824477019392274,0.75,0.05388529104034808,0.08309050906457108,0.03648036611017502,0
26,extreme,clean,object_contour_memory,337,0.7833827893175074,0.7825311186893108,0.7592592592592593,0.050956585838907234,0.04677181455003836,0.03151465374132894,0
26,extreme,clean,shuffled_object_memory_control,337,0,0,0,0.2963504440667518,0.8439448506514939,0.9859411003855492,0
26,extreme,clean,oracle,337,1,1,1,0,0,0,0
26,extreme,corrupt,present_only,337,0.5044510385756676,0.5049328990006956,0.4915254237288136,0.08413337509839941,0.029409666742753138,0,0
26,extreme,corrupt,global_scene_memory,337,0.4391691394658754,0.43939702414278686,0.3888888888888889,0.12311548078669295,0.23450001552672242,0.1523223170609513,0
26,extreme,corrupt,object_separated_memory,337,0.5875370919881305,0.5872242298795971,0.5462962962962963,0.09822079525467743,0.1683056192514869,0.11444353937198176,0
26,extreme,corrupt,object_contour_memory,337,0.5964391691394659,0.5964947998846304,0.5555555555555556,0.0901440595834682,0.11149883830211545,0.10988270426482542,0
26,extreme,corrupt,shuffled_object_memory_control,337,0,0,0,0.2758384394952052,0.7432919301997944,0.9862869216119758,0
26,extreme,corrupt,oracle,337,1,1,1,0,0,0,0
27,standard,clean,present_only,162,0.5123456790123457,0.5118708452041786,0.46153846153846156,0.08424100546246165,0.025320153097933007,0,0
27,standard,clean,global_scene_memory,162,0.5493827160493827,0.5533679283679284,0.4444444444444444,0.10398096038476413,0.1927246477126327,0.05175153176818,0
27,standard,clean,object_separated_memory,162,0.8148148148148148,0.8151031067697735,0.8035714285714286,0.04633620437012039,0.07176204163391495,0.03225248796120744,0
27,standard,clean,object_contour_memory,162,0.808641975308642,0.809608601275268,0.7678571428571429,0.044406584767351244,0.03668613823710449,0.027667300879570797,0
27,standard,clean,shuffled_object_memory_control,162,0,0,0,0.29655762036944416,0.8480862666677714,0.9875699998763532,0
27,standard,clean,oracle,162,1,1,1,0,0,0,0
27,standard,corrupt,present_only,162,0.5123456790123457,0.5118708452041786,0.46153846153846156,0.08424100546246165,0.025320153097933007,0,0
27,standard,corrupt,global_scene_memory,162,0.37037037037037035,0.36977682811016144,0.3269230769230769,0.13718283812452547,0.2971828992580168,0.151344846106306,0
27,standard,corrupt,object_separated_memory,162,0.5864197530864198,0.5860127526794193,0.5384615384615384,0.0863675287010536,0.12949344760353723,0.10649965325156965,0
27,standard,corrupt,object_contour_memory,162,0.5925925925925926,0.5931013431013431,0.5357142857142857,0.08116390904255892,0.0915612435477769,0.10333300781957816,0
27,standard,corrupt,shuffled_object_memory_control,162,0,0,0,0.2703679320789333,0.7143210596413562,0.9849718241493609,0
27,standard,corrupt,oracle,162,1,1,1,0,0,0,0
27,hard,clean,present_only,263,0.4828897338403042,0.4831834831834832,0.38636363636363635,0.08462103304075089,0.04754319309134314,0,0
27,hard,clean,global_scene_memory,263,0.5247148288973384,0.5295537795537796,0.3516483516483517,0.10232137790578691,0.19291260465712523,0.10174828916986133,0
27,hard,clean,object_separated_memory,263,0.7946768060836502,0.7938311688311689,0.7386363636363636,0.046780712174424324,0.06455023003285634,0.027739902769726175,0
27,hard,clean,object_contour_memory,263,0.8022813688212928,0.8011571761571762,0.7386363636363636,0.04503361458129006,0.03325977883577466,0.023838687562694316,0
27,hard,clean,shuffled_object_memory_control,263,0,0,0,0.29717234522274727,0.8568687131185644,0.9869761855692352,0
27,hard,clean,oracle,263,1,1,1,0,0,0,0
27,hard,corrupt,present_only,263,0.4828897338403042,0.4831834831834832,0.38636363636363635,0.08462103304075089,0.04754319309134314,0,0
27,hard,corrupt,global_scene_memory,263,0.5171102661596958,0.5181207681207681,0.45454545454545453,0.10620377644696245,0.16432852333666503,0.1298748709538126,0
27,hard,corrupt,object_separated_memory,263,0.6311787072243346,0.6304528804528805,0.5714285714285714,0.0891114750880166,0.16588140861073614,0.10590229244503829,0
27,hard,corrupt,object_contour_memory,263,0.6349809885931559,0.6344211344211345,0.5833333333333334,0.08229662764752796,0.11668061622706646,0.10022476245515506,0
27,hard,corrupt,shuffled_object_memory_control,263,0,0,0,0.27167245177484967,0.7181588185344134,0.9868674236458533,0
27,hard,corrupt,oracle,263,1,1,1,0,0,0,0
27,extreme,clean,present_only,354,0.5084745762711864,0.5083289953149401,0.49557522123893805,0.0854687167442095,0.06911100550123911,0,0
27,extreme,clean,global_scene_memory,354,0.5112994350282486,0.5117469880742084,0.453781512605042,0.10471152450717368,0.20674152149229602,0.05819907088320582,0
27,extreme,clean,object_separated_memory,354,0.807909604519774,0.8074696003455785,0.7876106194690266,0.04515958791419335,0.04320902186352067,0.034796543859210674,0
27,extreme,clean,object_contour_memory,354,0.8022598870056498,0.8023025835896522,0.7983193277310925,0.04418277844577575,0.03801913289487457,0.030331222565716243,0
27,extreme,clean,shuffled_object_memory_control,354,0,0,0,0.2956531651284487,0.8454830101412729,0.9861604877744498,0
27,extreme,clean,oracle,354,1,1,1,0,0,0,0
27,extreme,corrupt,present_only,354,0.5084745762711864,0.5083289953149401,0.49557522123893805,0.0854687167442095,0.06911100550123911,0,0
27,extreme,corrupt,global_scene_memory,354,0.4491525423728814,0.4478803852891802,0.40707964601769914,0.11730805334993356,0.19591879966706485,0.14571813214380164,0
27,extreme,corrupt,object_separated_memory,354,0.615819209039548,0.6151568127613732,0.584070796460177,0.09101234904642733,0.13977999426161208,0.10172778042012948,0
27,extreme,corrupt,object_contour_memory,354,0.6101694915254238,0.6096234518760355,0.584070796460177,0.08477204483669745,0.08177512540624277,0.099787854930104,0
27,extreme,corrupt,shuffled_object_memory_control,354,0,0,0,0.2735162076067317,0.7300205103290547,0.9857422550996998,0
27,extreme,corrupt,oracle,354,1,1,1,0,0,0,0
28,standard,clean,present_only,159,0.4779874213836478,0.4784382284382285,0.40384615384615385,0.08508526043767213,0.054438430603803045,0,0
28,standard,clean,global_scene_memory,159,0.4716981132075472,0.4741258741258741,0.34545454545454546,0.10686335502541132,0.218829230260433,0.036805802215824336,0
28,standard,clean,object_separated_memory,159,0.7861635220125787,0.7858974358974359,0.75,0.053732962707132785,0.08452105523120655,0.0322269638957767,0
28,standard,clean,object_contour_memory,159,0.7924528301886793,0.7923076923076923,0.7692307692307693,0.051850876293751236,0.04983713528731619,0.028772618768272865,0
28,standard,clean,shuffled_object_memory_control,159,0,0,0,0.2958023132982649,0.8399403209534395,0.9874683119613584,0
28,standard,clean,oracle,159,1,1,1,0,0,0,0
28,standard,corrupt,present_only,159,0.4779874213836478,0.4784382284382285,0.40384615384615385,0.08508526043767213,0.054438430603803045,0,0
28,standard,corrupt,global_scene_memory,159,0.3522012578616352,0.35163170163170165,0.3076923076923077,0.12764725324425805,0.2643741542438661,0.19672398005850383,0
28,standard,corrupt,object_separated_memory,159,0.559748427672956,0.5586247086247086,0.5,0.10576331581306474,0.21553160293512652,0.10121919311614025,0
28,standard,corrupt,object_contour_memory,159,0.5786163522012578,0.5775058275058275,0.5384615384615384,0.09578987772875569,0.14260608734719563,0.0971143033378139,0
28,standard,corrupt,shuffled_object_memory_control,159,0,0,0,0.2760504227159408,0.7425776284600166,0.9855946092171763,0
28,standard,corrupt,oracle,159,1,1,1,0,0,0,0
28,hard,clean,present_only,259,0.47104247104247104,0.4707905384375973,0.44047619047619047,0.08498614293105111,0.07464119625060034,0,0
28,hard,clean,global_scene_memory,259,0.5019305019305019,0.5020852785558668,0.47619047619047616,0.10804974007673449,0.2203322366975797,0.06508144951622924,0
28,hard,clean,object_separated_memory,259,0.7953667953667953,0.7933395580454404,0.6904761904761905,0.05043604491938934,0.0789228185496565,0.03321583885523372,0
28,hard,clean,object_contour_memory,259,0.7915057915057915,0.7896825396825397,0.7023809523809523,0.048289932336805,0.06161723436089967,0.028554392629242368,0
28,hard,clean,shuffled_object_memory_control,259,0,0,0,0.2925649225935454,0.8298168801251661,0.9830685466562004,0
28,hard,clean,oracle,259,1,1,1,0,0,0,0
28,hard,corrupt,present_only,259,0.47104247104247104,0.4707905384375973,0.44047619047619047,0.08498614293105111,0.07464119625060034,0,0
28,hard,corrupt,global_scene_memory,259,0.5019305019305019,0.502349828820417,0.4777777777777778,0.1062640618249704,0.16242186011064078,0.14530333664902453,0
28,hard,corrupt,object_separated_memory,259,0.6332046332046332,0.6340647370059135,0.5888888888888889,0.08353802030443763,0.1245898311892839,0.10701240627454804,0
28,hard,corrupt,object_contour_memory,259,0.6486486486486487,0.6495798319327731,0.6,0.07838583548711162,0.08665428902684759,0.10413424977119476,0
28,hard,corrupt,shuffled_object_memory_control,259,0,0,0,0.2759911328540401,0.7429446351641402,0.9877300012904728,0
28,hard,corrupt,oracle,259,1,1,1,0,0,0,0
28,extreme,clean,present_only,348,0.5086206896551724,0.5090644771806647,0.48760330578512395,0.08341444406253014,0.01431901973541605,0,0
28,extreme,clean,global_scene_memory,348,0.49137931034482757,0.4910927028681189,0.4247787610619469,0.10868227499021606,0.23217461114943366,0.03731154487814166,0
28,extreme,clean,object_separated_memory,348,0.853448275862069,0.853872167925604,0.8347107438016529,0.03832338508332664,0.05127187940025053,0.028742632816753693,0
28,extreme,clean,object_contour_memory,348,0.8620689655172413,0.8623057864070693,0.8512396694214877,0.03859919301801138,0.07299265483286443,0.024503558113839873,0
28,extreme,clean,shuffled_object_memory_control,348,0,0,0,0.29571566427617374,0.8459682996856486,0.9860333748441067,0
28,extreme,clean,oracle,348,1,1,1,0,0,0,0
28,extreme,corrupt,present_only,348,0.5086206896551724,0.5090644771806647,0.48760330578512395,0.08341444406253014,0.01431901973541605,0,0
28,extreme,corrupt,global_scene_memory,348,0.4942528735632184,0.49397690330069555,0.4690265486725664,0.10560702539898538,0.15164686749993014,0.1134633796711526,0
28,extreme,corrupt,object_separated_memory,348,0.6551724137931034,0.6541653996030081,0.584070796460177,0.09298651473950281,0.17254362579705285,0.0958859197200409,0
28,extreme,corrupt,object_contour_memory,348,0.6637931034482759,0.663014957125132,0.6106194690265486,0.08611904359070363,0.15019584131144703,0.09229413327543946,0
28,extreme,corrupt,shuffled_object_memory_control,348,0,0,0,0.27372261555613137,0.7337497495308822,0.985180461928457,0
28,extreme,corrupt,oracle,348,1,1,1,0,0,0,0
29,standard,clean,present_only,149,0.4899328859060403,0.49100601779173214,0.4489795918367347,0.085060111008919,0.053682272452889424,0,0
29,standard,clean,global_scene_memory,149,0.4563758389261745,0.45617477760334907,0.3877551020408163,0.12497310745658821,0.2670333851522235,0.1479495165162137,0
29,standard,clean,object_separated_memory,149,0.7986577181208053,0.7990689865689866,0.7692307692307693,0.05348034952389553,0.09488531690890052,0.04334522368536823,0
29,standard,clean,object_contour_memory,149,0.785234899328859,0.7851800976800977,0.7291666666666666,0.0507817152101113,0.044052397721418904,0.03721436003345911,0
29,standard,clean,shuffled_object_memory_control,149,0,0,0,0.2938285963848138,0.8348623714543684,0.985531265314385,0
29,standard,clean,oracle,149,1,1,1,0,0,0,0
29,standard,corrupt,present_only,149,0.4899328859060403,0.49100601779173214,0.4489795918367347,0.085060111008919,0.053682272452889424,0,0
29,standard,corrupt,global_scene_memory,149,0.40939597315436244,0.40877376591662307,0.3673469387755102,0.12776846307566578,0.24163364834715229,0.23441168886148003,0
29,standard,corrupt,object_separated_memory,149,0.6040268456375839,0.6031200941915228,0.5625,0.09188091148741459,0.14269426046563516,0.11710606766190061,0
29,standard,corrupt,object_contour_memory,149,0.5838926174496645,0.5833551369265655,0.5416666666666666,0.08505562863539252,0.10923353325810507,0.11008869370223973,0
29,standard,corrupt,shuffled_object_memory_control,149,0,0,0,0.27505337713733746,0.7427842283866246,0.9860754535262654,0
29,standard,corrupt,oracle,149,1,1,1,0,0,0,0
29,hard,clean,present_only,242,0.5247933884297521,0.5255189255189255,0.4880952380952381,0.08293309762969683,0.0039005826054414605,0,0
29,hard,clean,global_scene_memory,242,0.4132231404958678,0.4128663003663004,0.3375,0.11370925124344874,0.27261975199283217,0.05229729688177378,0
29,hard,clean,object_separated_memory,242,0.7644628099173554,0.7653540903540903,0.7261904761904762,0.05726523832081956,0.08095351772602452,0.03358188270570299,0
29,hard,clean,object_contour_memory,242,0.7603305785123967,0.761080586080586,0.7261904761904762,0.05431232358717984,0.028940955300009407,0.028739270272394864,0
29,hard,clean,shuffled_object_memory_control,242,0,0,0,0.29698833147702564,0.8518545921331888,0.9856383608104141,0
29,hard,clean,oracle,242,1,1,1,0,0,0,0
29,hard,corrupt,present_only,242,0.5247933884297521,0.5255189255189255,0.4880952380952381,0.08293309762969683,0.0039005826054414605,0,0
29,hard,corrupt,global_scene_memory,242,0.4049586776859504,0.40471611721611717,0.3625,0.12185536885403322,0.23320547535324165,0.12449674277953701,0
29,hard,corrupt,object_separated_memory,242,0.6115702479338843,0.6122863247863248,0.5833333333333334,0.09965180016881811,0.19764282745095663,0.07850436086769541,0
29,hard,corrupt,object_contour_memory,242,0.6074380165289256,0.607997557997558,0.5714285714285714,0.09139777638102531,0.14414655425265538,0.07585217994493738,0
29,hard,corrupt,shuffled_object_memory_control,242,0,0,0,0.2770957265309878,0.7528281261454437,0.9853066847031983,0
29,hard,corrupt,oracle,242,1,1,1,0,0,0,0
29,extreme,clean,present_only,326,0.5184049079754601,0.5188954441166831,0.49557522123893805,0.08360817001128265,0.0343685078215078,0,0
29,extreme,clean,global_scene_memory,326,0.4539877300613497,0.4528999079146572,0.26851851851851855,0.11151676707968025,0.16678991341599697,0.18847041934478526,0
29,extreme,clean,object_separated_memory,326,0.8067484662576687,0.8071576844438201,0.7876106194690266,0.05450519328611902,0.10860892592936808,0.03911325613790132,0
29,extreme,clean,object_contour_memory,326,0.7883435582822086,0.7882864322392346,0.780952380952381,0.05180057081866472,0.0483071237917371,0.03427638773002942,0
29,extreme,clean,shuffled_object_memory_control,326,0,0,0,0.29628134948382717,0.8463671783627449,0.9849176576372515,0
29,extreme,clean,oracle,326,1,1,1,0,0,0,0
29,extreme,corrupt,present_only,326,0.5184049079754601,0.5188954441166831,0.49557522123893805,0.08360817001128265,0.0343685078215078,0,0
29,extreme,corrupt,global_scene_memory,326,0.46932515337423314,0.4680276568182172,0.37037037037037035,0.11654842764586242,0.1931104017820122,0.17506145950079882,0
29,extreme,corrupt,object_separated_memory,326,0.5920245398773006,0.5912339435938255,0.5523809523809524,0.0995418315947152,0.19021537092802568,0.10255275319313208,0
29,extreme,corrupt,object_contour_memory,326,0.5858895705521472,0.5847083704015857,0.5142857142857142,0.09124877795447671,0.11699817513194712,0.09804432032204571,0
29,extreme,corrupt,shuffled_object_memory_control,326,0,0,0,0.27891586160234505,0.7588326818373737,0.9841853111580426,0
29,extreme,corrupt,oracle,326,1,1,1,0,0,0,0
30,standard,clean,present_only,143,0.5104895104895105,0.5077777777777778,0.4,0.08325452601241796,0.015451312954779528,0,0
30,standard,clean,global_scene_memory,143,0.46853146853146854,0.4675,0.4,0.10778502154288885,0.21414832064018902,0.1466054654409674,0
30,standard,clean,object_separated_memory,143,0.7692307692307693,0.7668518518518518,0.6888888888888889,0.05654865708256259,0.09231265846214648,0.04475678390240331,0
30,standard,clean,object_contour_memory,143,0.7832167832167832,0.7809259259259259,0.7111111111111111,0.05300130375992762,0.03264888483427841,0.03965071520504841,0
30,standard,clean,shuffled_object_memory_control,143,0,0,0,0.29473579069170697,0.8442598887907904,0.9825150777856924,0
30,standard,clean,oracle,143,1,1,1,0,0,0,0
30,standard,corrupt,present_only,143,0.5104895104895105,0.5077777777777778,0.4,0.08325452601241796,0.015451312954779528,0,0
30,standard,corrupt,global_scene_memory,143,0.4965034965034965,0.4911111111111111,0.3333333333333333,0.1107141219452955,0.17688562676132888,0.11552625276988265,0
30,standard,corrupt,object_separated_memory,143,0.6433566433566433,0.6419444444444444,0.6,0.08460929058177127,0.11745115681682348,0.1358734219660505,0
30,standard,corrupt,object_contour_memory,143,0.6503496503496503,0.649351851851852,0.6222222222222222,0.0779139043860276,0.06877824113596313,0.12586052129008699,0
30,standard,corrupt,shuffled_object_memory_control,143,0,0,0,0.2726033200990839,0.72747652017955,0.9866838153775163,0
30,standard,corrupt,oracle,143,1,1,1,0,0,0,0
30,hard,clean,present_only,234,0.49145299145299143,0.49161638186028433,0.4634146341463415,0.08344273546632329,0.038249711915897044,0,0
30,hard,clean,global_scene_memory,234,0.47863247863247865,0.4753026948148899,0.3783783783783784,0.11121242322975068,0.22857202530567808,0.11223220697256789,0
30,hard,clean,object_separated_memory,234,0.7649572649572649,0.7656615339542169,0.7435897435897436,0.06168710558859406,0.11161591389751868,0.03232615376284201,0
30,hard,clean,object_contour_memory,234,0.7435897435897436,0.7455673309331846,0.6951219512195121,0.058540807731543236,0.034970177008393874,0.02767458288889642,0
30,hard,clean,shuffled_object_memory_control,234,0,0,0,0.2952139402206281,0.8418442287208215,0.9853247238129308,0
30,hard,clean,oracle,234,1,1,1,0,0,0,0
30,hard,corrupt,present_only,234,0.49145299145299143,0.49161638186028433,0.4634146341463415,0.08344273546632329,0.038249711915897044,0,0
30,hard,corrupt,global_scene_memory,234,0.48717948717948717,0.48567516860199794,0.4230769230769231,0.10706495642707597,0.17631840106574226,0.13240988758910208,0
30,hard,corrupt,object_separated_memory,234,0.6111111111111112,0.6091616945275481,0.5512820512820513,0.09552978582250228,0.1518603325568853,0.10831528944348293,0
30,hard,corrupt,object_contour_memory,234,0.6111111111111112,0.6089306942965479,0.5641025641025641,0.08833164075161007,0.1271214779440622,0.10235924277235857,0
30,hard,corrupt,shuffled_object_memory_control,234,0,0,0,0.27706787627413904,0.7472225130502921,0.9851070289985746,0
30,hard,corrupt,oracle,234,1,1,1,0,0,0,0
30,extreme,clean,present_only,314,0.5095541401273885,0.5088504088504089,0.46464646464646464,0.08360477982054045,0.03761365734330435,0,0
30,extreme,clean,global_scene_memory,314,0.49363057324840764,0.4947570947570948,0.4727272727272727,0.10146712418258858,0.1767879059876478,0.05409729017675223,0
30,extreme,clean,object_separated_memory,314,0.767515923566879,0.7672919672919672,0.7523809523809524,0.05874631900247127,0.10659709976429028,0.03286649990033958,0
30,extreme,clean,object_contour_memory,314,0.7547770700636943,0.7545454545454545,0.7333333333333333,0.05550420314367067,0.06770846631551204,0.02859992576927075,0
30,extreme,clean,shuffled_object_memory_control,314,0,0,0,0.2940804472928874,0.8376700263141474,0.984981960175569,0
30,extreme,clean,oracle,314,1,1,1,0,0,0,0
30,extreme,corrupt,present_only,314,0.5095541401273885,0.5088504088504089,0.46464646464646464,0.08360477982054045,0.03761365734330435,0,0
30,extreme,corrupt,global_scene_memory,314,0.47770700636942676,0.47854737854737855,0.42857142857142855,0.1113498310445784,0.19118305321600304,0.1276013480801736,0
30,extreme,corrupt,object_separated_memory,314,0.5987261146496815,0.5998556998556999,0.5727272727272728,0.10204577583789358,0.17652409682588222,0.1112878459189021,0
30,extreme,corrupt,object_contour_memory,314,0.5923566878980892,0.5936026936026937,0.5545454545454546,0.09385401712679682,0.12394060716038037,0.10658971938501977,0
30,extreme,corrupt,shuffled_object_memory_control,314,0,0,0,0.2800065730761046,0.7624536933117081,0.9852501878277029,0
30,extreme,corrupt,oracle,314,1,1,1,0,0,0,0
31,standard,clean,present_only,150,0.4666666666666667,0.46693610777644395,0.38,0.08324446322424725,0.04424074074074069,0,0
31,standard,clean,global_scene_memory,150,0.5133333333333333,0.5102601040416167,0.24489795918367346,0.09809729265041982,0.14394670552677966,0.14158846439075545,0
31,standard,clean,object_separated_memory,150,0.7933333333333333,0.7936828064559158,0.76,0.042735846479488034,0.0566356204163137,0.032162244927165504,0
31,standard,clean,object_contour_memory,150,0.8066666666666666,0.8067547018807524,0.76,0.04194627433558699,0.057155920368535416,0.028157455715504418,0
31,standard,clean,shuffled_object_memory_control,150,0,0,0,0.29836288062320837,0.854406512962272,0.9873832225920243,0
31,standard,clean,oracle,150,1,1,1,0,0,0,0
31,standard,corrupt,present_only,150,0.4666666666666667,0.46693610777644395,0.38,0.08324446322424725,0.04424074074074069,0,0
31,standard,corrupt,global_scene_memory,150,0.4666666666666667,0.46559156996131784,0.3877551020408163,0.10872881816838008,0.18661491664168248,0.19485790800148578,0
31,standard,corrupt,object_separated_memory,150,0.6866666666666666,0.6864399092970522,0.6326530612244898,0.07311481497713795,0.09404513741465297,0.08975554426848947,0
31,standard,corrupt,object_contour_memory,150,0.6866666666666666,0.6865706282513006,0.6326530612244898,0.06897979626089855,0.052126203740706985,0.08760412411664718,0
31,standard,corrupt,shuffled_object_memory_control,150,0,0,0,0.2755745651183879,0.7405945804858909,0.985435565199456,0
31,standard,corrupt,oracle,150,1,1,1,0,0,0,0
31,hard,clean,present_only,243,0.5102880658436214,0.5103382515306635,0.4878048780487805,0.08359811348584403,0.025079315283991876,0,0
31,hard,clean,global_scene_memory,243,0.5267489711934157,0.5260413530061226,0.45,0.11449205895677418,0.24994416173622988,0.13138090449147213,0
31,hard,clean,object_separated_memory,243,0.7530864197530864,0.7537701997390345,0.6463414634146342,0.06078776242539613,0.10490508257788578,0.03493307512802679,0
31,hard,clean,object_contour_memory,243,0.7283950617283951,0.7289257753688648,0.6585365853658537,0.05769804931043313,0.050535887594031784,0.030385876131884683,0
31,hard,clean,shuffled_object_memory_control,243,0,0,0,0.29265411185511064,0.8239672472242501,0.9851361355827303,0
31,hard,clean,oracle,243,1,1,1,0,0,0,0
31,hard,corrupt,present_only,243,0.5102880658436214,0.5103382515306635,0.4878048780487805,0.08359811348584403,0.025079315283991876,0,0
31,hard,corrupt,global_scene_memory,243,0.4732510288065844,0.47380934457492724,0.4268292682926829,0.12043955865280041,0.1888247822179031,0.1805239472306849,0
31,hard,corrupt,object_separated_memory,243,0.5555555555555556,0.5559670781893004,0.5,0.09995682481734362,0.18864116115518975,0.0905461101158129,0
31,hard,corrupt,object_contour_memory,243,0.5679012345679012,0.5680593194820837,0.5365853658536586,0.09179667340814199,0.13053698162959237,0.08903698100366964,0
31,hard,corrupt,shuffled_object_memory_control,243,0,0,0,0.2780770167328636,0.7528905003347444,0.9853644058180662,0
31,hard,corrupt,oracle,243,1,1,1,0,0,0,0
31,extreme,clean,present_only,327,0.5107033639143731,0.510984018400635,0.4774774774774775,0.08381611457662128,0.03826154380028923,0,0
31,extreme,clean,global_scene_memory,327,0.4892966360856269,0.4889057796543006,0.44954128440366975,0.10160846124439411,0.16186669573227613,0.09368354087667242,0
31,extreme,clean,object_separated_memory,327,0.8195718654434251,0.8198082331667172,0.7837837837837838,0.04731941968553651,0.06848232552694426,0.04238880879057072,0
31,extreme,clean,object_contour_memory,327,0.8287461773700305,0.8292070686823324,0.7657657657657657,0.04540099722210549,0.057973962794277654,0.03657818378048732,0
31,extreme,clean,shuffled_object_memory_control,327,0,0,0,0.2948738099221879,0.840700270842025,0.9849816452443895,0
31,extreme,clean,oracle,327,1,1,1,0,0,0,0
31,extreme,corrupt,present_only,327,0.5107033639143731,0.510984018400635,0.4774774774774775,0.08381611457662128,0.03826154380028923,0,0
31,extreme,corrupt,global_scene_memory,327,0.5321100917431193,0.5326214493667122,0.4864864864864865,0.10293590344114262,0.15463839130854368,0.13088640852334607,0
31,extreme,corrupt,object_separated_memory,327,0.599388379204893,0.5992323456097784,0.5420560747663551,0.09778326333415588,0.15585838772151356,0.09560942798805143,0
31,extreme,corrupt,object_contour_memory,327,0.599388379204893,0.5995140300207608,0.5495495495495496,0.09018216732968659,0.11793425778142642,0.09291958640904524,0
31,extreme,corrupt,shuffled_object_memory_control,327,0,0,0,0.2787850412391302,0.75723861287363,0.9856920332530867,0
31,extreme,corrupt,oracle,327,1,1,1,0,0,0,0
32,standard,clean,present_only,157,0.445859872611465,0.4456417423713021,0.4339622641509434,0.08422161325555202,0.07493488864268749,0,0
32,standard,clean,global_scene_memory,157,0.40764331210191085,0.4080223619846261,0.33962264150943394,0.13038657504300663,0.2966989049007325,0.1717489722812986,0
32,standard,clean,object_separated_memory,157,0.7515923566878981,0.7495830421616585,0.66,0.049378489331991265,0.07858274186645765,0.03842485253804482,0
32,standard,clean,object_contour_memory,157,0.7770700636942676,0.776366177498253,0.74,0.04808299198243573,0.03569613455616491,0.033610461802728905,0
32,standard,clean,shuffled_object_memory_control,157,0,0,0,0.29656666529106074,0.8468059115554051,0.9880536131273181,0
32,standard,clean,oracle,157,1,1,1,0,0,0,0
32,standard,corrupt,present_only,157,0.445859872611465,0.4456417423713021,0.4339622641509434,0.08422161325555202,0.07493488864268749,0,0
32,standard,corrupt,global_scene_memory,157,0.5031847133757962,0.5022734684369904,0.46,0.10880845105017042,0.1951019571386574,0.17737991959854715,0
32,standard,corrupt,object_separated_memory,157,0.5923566878980892,0.5946191474493361,0.5283018867924528,0.09397146649044617,0.15882396286796674,0.09468982936241548,0
32,standard,corrupt,object_contour_memory,157,0.6050955414012739,0.6065874679711158,0.5471698113207547,0.08643802232780849,0.10698970414848583,0.09151096629764431,0
32,standard,corrupt,shuffled_object_memory_control,157,0,0,0,0.2742729857679321,0.7323764428927411,0.9845423075756876,0
32,standard,corrupt,oracle,157,1,1,1,0,0,0,0
32,hard,clean,present_only,256,0.48046875,0.4801769289317182,0.4691358024691358,0.0839021523335527,0.0426515921409224,0,0
32,hard,clean,global_scene_memory,256,0.51953125,0.5167447140627217,0.3950617283950617,0.1010589815070808,0.17326371500731177,0.06308826567841493,0
32,hard,clean,object_separated_memory,256,0.7890625,0.7897170943147954,0.7727272727272727,0.04912356142204987,0.09663685858275523,0.030782902623542257,0
32,hard,clean,object_contour_memory,256,0.79296875,0.793832320652244,0.7727272727272727,0.047324738892701855,0.04261623805948625,0.026939289472248645,0
32,hard,clean,shuffled_object_memory_control,256,0,0,0,0.2950983232237128,0.842722594947956,0.9850005994284697,0
32,hard,clean,oracle,256,1,1,1,0,0,0,0
32,hard,corrupt,present_only,256,0.48046875,0.4801769289317182,0.4691358024691358,0.0839021523335527,0.0426515921409224,0,0
32,hard,corrupt,global_scene_memory,256,0.42578125,0.42470361340093143,0.3563218390804598,0.11545550272903139,0.23623070123203038,0.1424593211894354,0
32,hard,corrupt,object_separated_memory,256,0.58984375,0.5909284415031543,0.5454545454545454,0.10691872908135557,0.1922936361904966,0.1050856594996374,0
32,hard,corrupt,object_contour_memory,256,0.6015625,0.6029032341292878,0.5681818181818182,0.09683728392096431,0.16935679163611841,0.10091911452843358,0
32,hard,corrupt,shuffled_object_memory_control,256,0,0,0,0.27574520498443783,0.7405274036852607,0.9843491141348051,0
32,hard,corrupt,oracle,256,1,1,1,0,0,0,0
32,extreme,clean,present_only,344,0.48546511627906974,0.4852563770305957,0.47706422018348627,0.08466540377624567,0.05806516027413644,0,0
32,extreme,clean,global_scene_memory,344,0.5087209302325582,0.5051610765341134,0.3577981651376147,0.10190566304495022,0.1618752260844063,0.0974196817798865,0
32,extreme,clean,object_separated_memory,344,0.7936046511627907,0.7940057086379587,0.7627118644067796,0.05191561607334558,0.07648826719332921,0.03328315825348444,0
32,extreme,clean,object_contour_memory,344,0.7965116279069767,0.7970638126134938,0.7627118644067796,0.04974561242432307,0.036319256808808924,0.028571993085385602,0
32,extreme,clean,shuffled_object_memory_control,344,0,0,0,0.29763115956489405,0.8529052894456803,0.985641020924669,0
32,extreme,clean,oracle,344,1,1,1,0,0,0,0
32,extreme,corrupt,present_only,344,0.48546511627906974,0.4852563770305957,0.47706422018348627,0.08466540377624567,0.05806516027413644,0,0
32,extreme,corrupt,global_scene_memory,344,0.46511627906976744,0.46166206156876344,0.3211009174311927,0.11379318689571175,0.15815420999106863,0.1668047485050294,0
32,extreme,corrupt,object_separated_memory,344,0.6046511627906976,0.6055395850140058,0.5811965811965812,0.09666964390027144,0.16824076595874587,0.10343657484451338,0
32,extreme,corrupt,object_contour_memory,344,0.627906976744186,0.6289347670936848,0.6016949152542372,0.08891264291341934,0.14816328218354363,0.09924891101988328,0
32,extreme,corrupt,shuffled_object_memory_control,344,0,0,0,0.27578202313839045,0.7446854604943979,0.9853143303614051,0
32,extreme,corrupt,oracle,344,1,1,1,0,0,0,0
33,standard,clean,present_only,149,0.4966442953020134,0.497124183006536,0.43137254901960786,0.08366118437426119,0.025203796391779776,0,0
33,standard,clean,global_scene_memory,149,0.37583892617449666,0.37241830065359477,0.16666666666666666,0.1328424847567082,0.2929466344247994,0.20172588531483635,0
33,standard,clean,object_separated_memory,149,0.7718120805369127,0.770343137254902,0.6875,0.05809430687431853,0.09354986811039197,0.030912043492715494,0
33,standard,clean,object_contour_memory,149,0.785234899328859,0.7835457516339869,0.6875,0.05506623424739891,0.06716036264842769,0.027534172578629612,0
33,standard,clean,shuffled_object_memory_control,149,0,0,0,0.2903281370379525,0.8060057387248117,0.9849742863277203,0
33,standard,clean,oracle,149,1,1,1,0,0,0,0
33,standard,corrupt,present_only,149,0.4966442953020134,0.497124183006536,0.43137254901960786,0.08366118437426119,0.025203796391779776,0,0
33,standard,corrupt,global_scene_memory,149,0.38926174496644295,0.38576797385620915,0.1875,0.13078702827683272,0.2390980196597896,0.20374825024283294,0
33,standard,corrupt,object_separated_memory,149,0.6308724832214765,0.6291830065359477,0.5416666666666666,0.08270283522607592,0.13526414195833292,0.09446180000083061,0
33,standard,corrupt,object_contour_memory,149,0.6442953020134228,0.6426633986928105,0.5625,0.07859068312623997,0.10762270502368443,0.09224443873621324,0
33,standard,corrupt,shuffled_object_memory_control,149,0,0,0,0.27553634992130943,0.73483448151961,0.9859305496209657,0
33,standard,corrupt,oracle,149,1,1,1,0,0,0,0
33,hard,clean,present_only,243,0.5102880658436214,0.5101813724659539,0.4810126582278481,0.08334051056383662,0.007387321210787001,0,0
33,hard,clean,global_scene_memory,243,0.49794238683127573,0.49732984132184316,0.45569620253164556,0.11782296103712837,0.22309281327370578,0.08470576851018194,0
33,hard,clean,object_separated_memory,243,0.7530864197530864,0.7528717777815435,0.7088607594936709,0.05405996904712422,0.09203833002302468,0.037955459595536666,0
33,hard,clean,object_contour_memory,243,0.7654320987654321,0.7652224776587205,0.7215189873417721,0.05128537707510101,0.039376257892866154,0.032549581025779484,0
33,hard,clean,shuffled_object_memory_control,243,0,0,0,0.2969098604283415,0.8503452888870768,0.9841491397203473,0
33,hard,clean,oracle,243,1,1,1,0,0,0,0
33,hard,corrupt,present_only,243,0.5102880658436214,0.5101813724659539,0.4810126582278481,0.08334051056383662,0.007387321210787001,0,0
33,hard,corrupt,global_scene_memory,243,0.3662551440329218,0.36557732728068076,0.2911392405063291,0.12850350435380384,0.24801733281066096,0.18935986720261438,0
33,hard,corrupt,object_separated_memory,243,0.5720164609053497,0.571334878504485,0.5316455696202531,0.10674572320319142,0.18513741790883498,0.1150586301996116,0
33,hard,corrupt,object_contour_memory,243,0.588477366255144,0.588108332690035,0.569620253164557,0.0969091505277605,0.17053017000483958,0.11102201739718687,0
33,hard,corrupt,shuffled_object_memory_control,243,0,0,0,0.2786240887668526,0.7612059827612255,0.9840317055417706,0
33,hard,corrupt,oracle,243,1,1,1,0,0,0,0
33,extreme,clean,present_only,327,0.5137614678899083,0.513843381389253,0.49107142857142855,0.08333051081544543,0.00022417390037787754,0,0
33,extreme,clean,global_scene_memory,327,0.44954128440366975,0.4484934098271471,0.36792452830188677,0.11909007675604419,0.21491063675300986,0.13780553505778392,0
33,extreme,clean,object_separated_memory,327,0.7522935779816514,0.7522456663122233,0.7358490566037735,0.05776925206203456,0.1010990511231493,0.03242681290071505,0
33,extreme,clean,object_contour_memory,327,0.7553516819571865,0.7551353066758987,0.7264150943396226,0.05508906882765012,0.04896563254115118,0.028104778354478766,0
33,extreme,clean,shuffled_object_memory_control,327,0,0,0,0.29303613298592074,0.8258265486249337,0.9860710676829948,0
33,extreme,clean,oracle,327,1,1,1,0,0,0,0
33,extreme,corrupt,present_only,327,0.5137614678899083,0.513843381389253,0.49107142857142855,0.08333051081544543,0.00022417390037787754,0,0
33,extreme,corrupt,global_scene_memory,327,0.43730886850152906,0.43703530832447224,0.3944954128440367,0.12966513226972795,0.2487687244776517,0.18174860857072356,0
33,extreme,corrupt,object_separated_memory,327,0.5902140672782875,0.5886577107907384,0.5,0.09953912980604525,0.19372136092024184,0.11760521774199936,0
33,extreme,corrupt,object_contour_memory,327,0.599388379204893,0.5977501092179991,0.5,0.09075018975410934,0.1403350653105959,0.11342982679030668,0
33,extreme,corrupt,shuffled_object_memory_control,327,0,0,0,0.2732586302656246,0.7318500843879684,0.9852558418005153,0
33,extreme,corrupt,oracle,327,1,1,1,0,0,0,0
34,standard,clean,present_only,149,0.47651006711409394,0.47708442351299496,0.4423076923076923,0.08368572938844514,0.03896683155049485,0,0
34,standard,clean,global_scene_memory,149,0.5302013422818792,0.5289006628292342,0.4791666666666667,0.10334158641310594,0.19532517932846707,0.0758693377659693,0
34,standard,clean,object_separated_memory,149,0.8120805369127517,0.8122056514913658,0.7346938775510204,0.04274057496485009,0.034342545006771794,0.029850757947596184,0
34,standard,clean,object_contour_memory,149,0.8053691275167785,0.8057953950811094,0.7346938775510204,0.04292356043279034,0.028737851536058956,0.026405296412556675,0
34,standard,clean,shuffled_object_memory_control,149,0,0,0,0.29513277222487855,0.8424455343573888,0.9839259436751577,0
34,standard,clean,oracle,149,1,1,1,0,0,0,0
34,standard,corrupt,present_only,149,0.47651006711409394,0.47708442351299496,0.4423076923076923,0.08368572938844514,0.03896683155049485,0,0
34,standard,corrupt,global_scene_memory,149,0.4429530201342282,0.44121751264608405,0.3877551020408163,0.12155213306387892,0.2426832641777667,0.12010689351128968,0
34,standard,corrupt,object_separated_memory,149,0.5838926174496645,0.5827119309262166,0.5510204081632653,0.09483996973625163,0.1527032233026891,0.1241751835353747,0
34,standard,corrupt,object_contour_memory,149,0.610738255033557,0.6094213326356184,0.5510204081632653,0.08714003258703523,0.08380376300439799,0.1174644501220777,0
34,standard,corrupt,shuffled_object_memory_control,149,0,0,0,0.2786804167756637,0.7589495649841203,0.9869118589258473,0
34,standard,corrupt,oracle,149,1,1,1,0,0,0,0
34,hard,clean,present_only,244,0.4918032786885246,0.49160461653015636,0.45569620253164556,0.08419436620807165,0.036840917171943266,0,0
34,hard,clean,global_scene_memory,244,0.5040983606557377,0.504650657731447,0.3625,0.11227028712875038,0.1870079098234547,0.0776490628892197,0
34,hard,clean,object_separated_memory,244,0.7950819672131147,0.7939035740878629,0.7625,0.0539125937356928,0.08646300499168424,0.034998096287017076,0
34,hard,clean,object_contour_memory,244,0.7909836065573771,0.7896841648051626,0.759493670886076,0.05168681430913196,0.031461465662127874,0.03050136860940997,0
34,hard,clean,shuffled_object_memory_control,244,0,0,0,0.2948777462943541,0.8408408498433543,0.9844232591486907,0
34,hard,clean,oracle,244,1,1,1,0,0,0,0
34,hard,corrupt,present_only,244,0.4918032786885246,0.49160461653015636,0.45569620253164556,0.08419436620807165,0.036840917171943266,0,0
34,hard,corrupt,global_scene_memory,244,0.4672131147540984,0.46439873417721517,0.3375,0.11870136337710017,0.205857571820481,0.12709371040323048,0
34,hard,corrupt,object_separated_memory,244,0.610655737704918,0.6107253660958054,0.5875,0.09359065251350047,0.1673075240730275,0.11203603589987546,0
34,hard,corrupt,object_contour_memory,244,0.6352459016393442,0.6355857532886572,0.6235294117647059,0.08615350167100733,0.1285878356661431,0.10781102116201316,0
34,hard,corrupt,shuffled_object_memory_control,244,0,0,0,0.28048746318457674,0.7694038445212286,0.9852108480320629,0
34,hard,corrupt,oracle,244,1,1,1,0,0,0,0
34,extreme,clean,present_only,329,0.48328267477203646,0.48281428817387256,0.46296296296296297,0.08409431176130165,0.044707422205605085,0,0
34,extreme,clean,global_scene_memory,329,0.5288753799392097,0.5275813001954649,0.4537037037037037,0.10298223150184307,0.15287190222705616,0.08835668287631057,0
34,extreme,clean,object_separated_memory,329,0.7629179331306991,0.7633098370451391,0.7478260869565218,0.057730949729236876,0.11452826748020126,0.030020437451084445,0
34,extreme,clean,object_contour_memory,329,0.7689969604863222,0.7692948075228633,0.7565217391304347,0.05518513064501281,0.03033923396037665,0.025289248519328802,0
34,extreme,clean,shuffled_object_memory_control,329,0,0,0,0.2963870804506424,0.8463143900526856,0.9856019144341205,0
34,extreme,clean,oracle,329,1,1,1,0,0,0,0
34,extreme,corrupt,present_only,329,0.48328267477203646,0.48281428817387256,0.46296296296296297,0.08409431176130165,0.044707422205605085,0,0
34,extreme,corrupt,global_scene_memory,329,0.48024316109422494,0.47851051762728,0.4056603773584906,0.11554399468430966,0.17754652075063582,0.1518634421787144,0
34,extreme,corrupt,object_separated_memory,329,0.5562310030395137,0.5557798843415469,0.5092592592592593,0.09924140541830366,0.1672229499649136,0.10824144678529016,0
34,extreme,corrupt,object_contour_memory,329,0.574468085106383,0.573922664803168,0.5462962962962963,0.09134064851699525,0.10386457568528298,0.10459895785578469,0
34,extreme,corrupt,shuffled_object_memory_control,329,0,0,0,0.27568129785904916,0.7415041446559822,0.9840642236080732,0
34,extreme,corrupt,oracle,329,1,1,1,0,0,0,0
35,standard,clean,present_only,149,0.4899328859060403,0.485033090804456,0.37777777777777777,0.08439067313506347,0.041578822585351005,0,0
35,standard,clean,global_scene_memory,149,0.5436241610738255,0.5359723763719324,0.4,0.09896549441828419,0.1659165901179541,0.05151559917322523,0
35,standard,clean,object_separated_memory,149,0.7449664429530202,0.7411435853167263,0.6444444444444445,0.05581595038990455,0.10888928630436476,0.029358019370684947,0
35,standard,clean,object_contour_memory,149,0.738255033557047,0.7348542771406256,0.6444444444444445,0.05316075551757935,0.07052863323336178,0.02528804785160397,0
35,standard,clean,shuffled_object_memory_control,149,0,0,0,0.2980170130648547,0.8592272426231666,0.9830424494717409,0
35,standard,clean,oracle,149,1,1,1,0,0,0,0
35,standard,corrupt,present_only,149,0.4899328859060403,0.485033090804456,0.37777777777777777,0.08439067313506347,0.041578822585351005,0,0
35,standard,corrupt,global_scene_memory,149,0.4899328859060403,0.49100176758334363,0.4716981132075472,0.11004487730536017,0.20876994918503122,0.1560660570031939,0
35,standard,corrupt,object_separated_memory,149,0.6040268456375839,0.6078513585727792,0.5660377358490566,0.08507859216878161,0.12881424347171117,0.10263011363873946,0
35,standard,corrupt,object_contour_memory,149,0.6375838926174496,0.6417807374522136,0.5882352941176471,0.07969863512594391,0.08279565529175993,0.09895326411884289,0
35,standard,corrupt,shuffled_object_memory_control,149,0,0,0,0.27386480743101144,0.7334321230549117,0.9841528358302731,0
35,standard,corrupt,oracle,149,1,1,1,0,0,0,0
35,hard,clean,present_only,242,0.512396694214876,0.511092933319508,0.4794520547945205,0.08321188106909677,0.011861896858248455,0,0
35,hard,clean,global_scene_memory,242,0.5206611570247934,0.5265030921447619,0.3563218390804598,0.10376387705196419,0.1534387725745187,0.08332212136501006,0
35,hard,clean,object_separated_memory,242,0.7396694214876033,0.7372816264771055,0.684931506849315,0.061858868223001025,0.11084577602455878,0.03693100204268199,0
35,hard,clean,object_contour_memory,242,0.7479338842975206,0.7454117077779184,0.684931506849315,0.05807690465074809,0.05713867106623685,0.03236538099030715,0
35,hard,clean,shuffled_object_memory_control,242,0,0,0,0.3013537782249618,0.8742945737702991,0.9852911375201736,0
35,hard,clean,oracle,242,1,1,1,0,0,0,0
35,hard,corrupt,present_only,242,0.512396694214876,0.511092933319508,0.4794520547945205,0.08321188106909677,0.011861896858248455,0,0
35,hard,corrupt,global_scene_memory,242,0.5,0.5010343419447421,0.4367816091954023,0.10862057922994511,0.15418033234099965,0.14416167672506552,0
35,hard,corrupt,object_separated_memory,242,0.5867768595041323,0.5861025662689315,0.5616438356164384,0.10389738787750646,0.16207105970597174,0.1368992751455526,0
35,hard,corrupt,object_contour_memory,242,0.5950413223140496,0.594733816965,0.5747126436781609,0.0943858944827007,0.1462958363761813,0.13119177697778256,0
35,hard,corrupt,shuffled_object_memory_control,242,0,0,0,0.27409545225066806,0.7384942500376328,0.98430452333778,0
35,hard,corrupt,oracle,242,1,1,1,0,0,0,0
35,extreme,clean,present_only,326,0.49079754601226994,0.48978256121113267,0.45918367346938777,0.08572088519915402,0.0689849657583105,0,0
35,extreme,clean,global_scene_memory,326,0.5061349693251533,0.5089351517922945,0.4700854700854701,0.10956902605181473,0.21278210310550344,0.0781721999386565,0
35,extreme,clean,object_separated_memory,326,0.7484662576687117,0.7448563162848877,0.673469387755102,0.06049332491531834,0.08687417939785672,0.03850570133099296,0
35,extreme,clean,object_contour_memory,326,0.7515337423312883,0.7478593192878907,0.673469387755102,0.05705484087389299,0.04518981971573482,0.03299439603738094,0
35,extreme,clean,shuffled_object_memory_control,326,0,0,0,0.294782030007057,0.8403914264738649,0.9847713022343331,0
35,extreme,clean,oracle,326,1,1,1,0,0,0,0
35,extreme,corrupt,present_only,326,0.49079754601226994,0.48978256121113267,0.45918367346938777,0.08572088519915402,0.0689849657583105,0,0
35,extreme,corrupt,global_scene_memory,326,0.49079754601226994,0.49496120924692355,0.4144144144144144,0.11752895936246072,0.21026857991656714,0.1392691256291015,0
35,extreme,corrupt,object_separated_memory,326,0.5950920245398773,0.5933138790281647,0.5510204081632653,0.09402720707556367,0.16869191974796838,0.09779790965224168,0
35,extreme,corrupt,object_contour_memory,326,0.598159509202454,0.5968692397263826,0.5612244897959183,0.08626624298189112,0.13478586924575695,0.09457202287955375,0
35,extreme,corrupt,shuffled_object_memory_control,326,0,0,0,0.2765797197316011,0.7487256559631363,0.9844827991656335,0
35,extreme,corrupt,oracle,326,1,1,1,0,0,0,0
36,standard,clean,present_only,150,0.49333333333333335,0.4931972789115647,0.4489795918367347,0.08362816687565452,0.028472079283399176,0,0
36,standard,clean,global_scene_memory,150,0.5466666666666666,0.5444793301936159,0.4489795918367347,0.09645607849365453,0.15668157342483902,0.0478812541327283,0
36,standard,clean,object_separated_memory,150,0.8066666666666666,0.8066457352171638,0.7551020408163265,0.05674677078365505,0.12732893614160049,0.03383643624206106,0
36,standard,clean,object_contour_memory,150,0.8066666666666666,0.8066457352171638,0.7755102040816326,0.0534575048623076,0.08249534277618244,0.03003401671473166,0
36,standard,clean,shuffled_object_memory_control,150,0,0,0,0.2962063021760745,0.8450921038917261,0.9859981936434167,0
36,standard,clean,oracle,150,1,1,1,0,0,0,0
36,standard,corrupt,present_only,150,0.49333333333333335,0.4931972789115647,0.4489795918367347,0.08362816687565452,0.028472079283399176,0,0
36,standard,corrupt,global_scene_memory,150,0.5,0.5015698587127159,0.4230769230769231,0.11572997118393766,0.255752314322686,0.09761585215419548,0
36,standard,corrupt,object_separated_memory,150,0.6466666666666666,0.6461276818419676,0.5714285714285714,0.08572822502019598,0.15013194369974747,0.08709077517862371,0
36,standard,corrupt,object_contour_memory,150,0.6333333333333333,0.6329147043432758,0.5510204081632653,0.08044810800728659,0.0966036272148556,0.08375028823006024,0
36,standard,corrupt,shuffled_object_memory_control,150,0,0,0,0.27967007502060504,0.7582058835087309,0.9855398598385695,0
36,standard,corrupt,oracle,150,1,1,1,0,0,0,0
36,hard,clean,present_only,244,0.5204918032786885,0.520436507936508,0.5,0.0832526262449408,0.016069663610646545,0,0
36,hard,clean,global_scene_memory,244,0.5163934426229508,0.5154761904761905,0.45,0.10207963113352714,0.16939257440697802,0.05531231451116964,0
36,hard,clean,object_separated_memory,244,0.7991803278688525,0.7998015873015873,0.75,0.048584288880513284,0.05367955359565587,0.03722215202209224,0
36,hard,clean,object_contour_memory,244,0.7827868852459017,0.783531746031746,0.7380952380952381,0.047537745468851964,0.039599311224252004,0.03253774473864511,0
36,hard,clean,shuffled_object_memory_control,244,0,0,0,0.29387058776752056,0.8396307816340827,0.9826072373614909,0
36,hard,clean,oracle,244,1,1,1,0,0,0,0
36,hard,corrupt,present_only,244,0.5204918032786885,0.520436507936508,0.5,0.0832526262449408,0.016069663610646545,0,0
36,hard,corrupt,global_scene_memory,244,0.5245901639344263,0.5234126984126984,0.4875,0.10362591734911498,0.13116911181178625,0.12641803778921942,0
36,hard,corrupt,object_separated_memory,244,0.6680327868852459,0.6672619047619048,0.625,0.08401280805266252,0.13334337450186307,0.1015140481087254,0
36,hard,corrupt,object_contour_memory,244,0.6639344262295082,0.6628968253968254,0.6125,0.07780949013515069,0.08103954989507464,0.0981213402605684,0
36,hard,corrupt,shuffled_object_memory_control,244,0,0,0,0.2806247731860573,0.7665468596097802,0.9847616492521511,0
36,hard,corrupt,oracle,244,1,1,1,0,0,0,0
36,extreme,clean,present_only,328,0.5,0.5001115511894879,0.49074074074074076,0.08398611315858523,0.04197997309977841,0,0
36,extreme,clean,global_scene_memory,328,0.5030487804878049,0.5015303189496115,0.39814814814814814,0.09917293430359604,0.16295576808562615,0.06300964831418635,0
36,extreme,clean,object_separated_memory,328,0.7865853658536586,0.7863205057123398,0.7592592592592593,0.051896263227844505,0.06269650366693118,0.032934560497857354,0
36,extreme,clean,object_contour_memory,328,0.7835365853658537,0.7835360654950984,0.7592592592592593,0.04989950249427513,0.026945810793593816,0.028639250514486143,0
36,extreme,clean,shuffled_object_memory_control,328,0,0,0,0.2977687777732536,0.8556910913693185,0.9852903961086439,0
36,extreme,clean,oracle,328,1,1,1,0,0,0,0
36,extreme,corrupt,present_only,328,0.5,0.5001115511894879,0.49074074074074076,0.08398611315858523,0.04197997309977841,0,0
36,extreme,corrupt,global_scene_memory,328,0.47560975609756095,0.4754778832536393,0.39814814814814814,0.10672470305570163,0.17145378737671454,0.12082184306421159,0
36,extreme,corrupt,object_separated_memory,328,0.600609756097561,0.600605388560617,0.5607476635514018,0.09532074748303081,0.16988740481374742,0.09994316558282755,0
36,extreme,corrupt,object_contour_memory,328,0.6036585365853658,0.6039149106926792,0.584070796460177,0.08805081939828449,0.10509841022058125,0.09788975351393951,0
36,extreme,corrupt,shuffled_object_memory_control,328,0,0,0,0.27400230468051906,0.7382269753870402,0.984745619186381,0
36,extreme,corrupt,oracle,328,1,1,1,0,0,0,0
37,standard,clean,present_only,145,0.4827586206896552,0.4833577875594683,0.45098039215686275,0.08411710537525412,0.04601447390748631,0,0
37,standard,clean,global_scene_memory,145,0.5379310344827586,0.5334933973589435,0.4,0.1035129005795533,0.19962131296444896,0.07125571311594238,0
37,standard,clean,object_separated_memory,145,0.7379310344827587,0.735094037615046,0.6666666666666666,0.05814692682577516,0.1016250785704814,0.03716149087759895,0
37,standard,clean,object_contour_memory,145,0.7517241379310344,0.7499088524298609,0.7111111111111111,0.055669218796138356,0.05201372596560891,0.03314432392427719,0
37,standard,clean,shuffled_object_memory_control,145,0,0,0,0.2972743744413473,0.8518541263769687,0.9844480276045862,0
37,standard,clean,oracle,145,1,1,1,0,0,0,0
37,standard,corrupt,present_only,145,0.4827586206896552,0.4833577875594683,0.45098039215686275,0.08411710537525412,0.04601447390748631,0,0
37,standard,corrupt,global_scene_memory,145,0.5172413793103449,0.5159130318794185,0.3673469387755102,0.1064027284272528,0.1743080553111001,0.10577213618092854,0
37,standard,corrupt,object_separated_memory,145,0.5448275862068965,0.5449913298652794,0.5098039215686274,0.1072651439259064,0.1741182024456754,0.13505121974136752,0
37,standard,corrupt,object_contour_memory,145,0.5586206896551724,0.5595393713040772,0.5294117647058824,0.0979826941552149,0.1385108567250942,0.12551885850810748,0
37,standard,corrupt,shuffled_object_memory_control,145,0,0,0,0.2777263405061255,0.7532274912350805,0.9839267184094064,0
37,standard,corrupt,oracle,145,1,1,1,0,0,0,0
37,hard,clean,present_only,237,0.5232067510548524,0.5237042765657224,0.5125,0.08331583059853111,0.018706047819971428,0,0
37,hard,clean,global_scene_memory,237,0.5232067510548524,0.523069304244003,0.43373493975903615,0.10855166215657977,0.2281231182014543,0.06940738333011555,0
37,hard,clean,object_separated_memory,237,0.7679324894514767,0.7680655052643005,0.7349397590361446,0.056352671910934904,0.07702235900964843,0.035280774818473366,0
37,hard,clean,object_contour_memory,237,0.7721518987341772,0.7724194073591665,0.7469879518072289,0.05394113317820394,0.04012356879686353,0.030533933685422867,0
37,hard,clean,shuffled_object_memory_control,237,0,0,0,0.2980930552647973,0.8514562728585215,0.9870183154497204,0
37,hard,clean,oracle,237,1,1,1,0,0,0,0
37,hard,corrupt,present_only,237,0.5232067510548524,0.5237042765657224,0.5125,0.08331583059853111,0.018706047819971428,0,0
37,hard,corrupt,global_scene_memory,237,0.5147679324894515,0.5117686964072506,0.3783783783783784,0.1079868537828961,0.16598504046364781,0.1472258837691272,0
37,hard,corrupt,object_separated_memory,237,0.620253164556962,0.6203964506675349,0.5875,0.0866982419746743,0.15715931514609677,0.09388369832976307,0
37,hard,corrupt,object_contour_memory,237,0.6033755274261603,0.6038437533919462,0.5875,0.08091664316541473,0.10183764048264443,0.0936227341781311,0
37,hard,corrupt,shuffled_object_memory_control,237,0,0,0,0.2772182707022261,0.749086941131099,0.9848358192122065,0
37,hard,corrupt,oracle,237,1,1,1,0,0,0,0
37,extreme,clean,present_only,318,0.4937106918238994,0.49243940910607575,0.45454545454545453,0.0837821936156933,0.024128529372406393,0,0
37,extreme,clean,global_scene_memory,318,0.5031446540880503,0.5001213334546668,0.37373737373737376,0.10662543557121074,0.19921798626650425,0.05655531499450236,0
37,extreme,clean,object_separated_memory,318,0.7861635220125787,0.786036036036036,0.7747747747747747,0.052169823215819346,0.07319298649805964,0.03296545015973525,0
37,extreme,clean,object_contour_memory,318,0.779874213836478,0.7799466132799466,0.7657657657657657,0.05048813237785059,0.02742962762695042,0.028658114034847578,0
37,extreme,clean,shuffled_object_memory_control,318,0,0,0,0.29721579745955207,0.8553263113988213,0.9845453652440354,0
37,extreme,clean,oracle,318,1,1,1,0,0,0,0
37,extreme,corrupt,present_only,318,0.4937106918238994,0.49243940910607575,0.45454545454545453,0.0837821936156933,0.024128529372406393,0,0
37,extreme,corrupt,global_scene_memory,318,0.4528301886792453,0.44925228258561595,0.32323232323232326,0.12000473242868794,0.20603763327065805,0.12110882948135837,0
37,extreme,corrupt,object_separated_memory,318,0.5817610062893082,0.5838565838565839,0.5495495495495496,0.10428459378161108,0.18269510411609222,0.11487784280205428,0
37,extreme,corrupt,object_contour_memory,318,0.5943396226415094,0.5956714290047623,0.5740740740740741,0.095143909975149,0.12930125458457387,0.10904095112573249,0
37,extreme,corrupt,shuffled_object_memory_control,318,0,0,0,0.2730356997332253,0.7286063911053455,0.9860645268916979,0
37,extreme,corrupt,oracle,318,1,1,1,0,0,0,0
38,standard,clean,present_only,147,0.5170068027210885,0.5163398692810458,0.5,0.08327415369315953,0.011626960135973863,0,0
38,standard,clean,global_scene_memory,147,0.4897959183673469,0.488562091503268,0.3125,0.12000393002991976,0.24529648122372089,0.223665413186299,0
38,standard,clean,object_separated_memory,147,0.7346938775510204,0.7352941176470589,0.7058823529411765,0.0644329500283014,0.09747259678953865,0.04278092828774463,0
38,standard,clean,object_contour_memory,147,0.7414965986394558,0.7414215686274511,0.7083333333333334,0.060814092329778836,0.04539391425390574,0.03750246340677433,0
38,standard,clean,shuffled_object_memory_control,147,0,0,0,0.2896311532052453,0.8136971046676851,0.9824170775918526,0
38,standard,clean,oracle,147,1,1,1,0,0,0,0
38,standard,corrupt,present_only,147,0.5170068027210885,0.5163398692810458,0.5,0.08327415369315953,0.011626960135973863,0,0
38,standard,corrupt,global_scene_memory,147,0.4421768707482993,0.4415849673202614,0.4166666666666667,0.1284823765086119,0.2834608402884902,0.15878422379707582,0
38,standard,corrupt,object_separated_memory,147,0.564625850340136,0.5657679738562091,0.5,0.1032245703035453,0.237890538612946,0.09477823403741416,0
38,standard,corrupt,object_contour_memory,147,0.5850340136054422,0.5861928104575163,0.5294117647058824,0.094075312321866,0.1727831713111766,0.09200543958997628,0
38,standard,corrupt,shuffled_object_memory_control,147,0,0,0,0.2773507310675564,0.7500034406853973,0.9847999265308033,0
38,standard,corrupt,oracle,147,1,1,1,0,0,0,0
38,hard,clean,present_only,239,0.5146443514644351,0.5143048265925697,0.5,0.08350909747602436,0.021133763926219018,0,0
38,hard,clean,global_scene_memory,239,0.4560669456066946,0.4553795489269401,0.3924050632911392,0.10677135618052455,0.16257153140227493,0.15458654581667705,0
38,hard,clean,object_separated_memory,239,0.8242677824267782,0.8236173452289538,0.7948717948717948,0.042822591118888205,0.04591608450981559,0.03123764974009374,0
38,hard,clean,object_contour_memory,239,0.8368200836820083,0.8362755730770549,0.7948717948717948,0.04246493046994633,0.05771543022166292,0.026715256692501865,0
38,hard,clean,shuffled_object_memory_control,239,0,0,0,0.2983057822716666,0.8581419447701523,0.9852386162471795,0
38,hard,clean,oracle,239,1,1,1,0,0,0,0
38,hard,corrupt,present_only,239,0.5146443514644351,0.5143048265925697,0.5,0.08350909747602436,0.021133763926219018,0,0
38,hard,corrupt,global_scene_memory,239,0.49372384937238495,0.4929293888849307,0.3974358974358974,0.11449929320780527,0.22321480442480185,0.15467694998951698,0
38,hard,corrupt,object_separated_memory,239,0.5774058577405857,0.5780208094193893,0.524390243902439,0.10008048494685264,0.18111987568562163,0.10561703818639473,0
38,hard,corrupt,object_contour_memory,239,0.5899581589958159,0.5908334058997844,0.5121951219512195,0.09140965001647608,0.12113843339095746,0.10040773055300685,0
38,hard,corrupt,shuffled_object_memory_control,239,0,0,0,0.2721465915010588,0.7200841955674373,0.9863661178122346,0
38,hard,corrupt,oracle,239,1,1,1,0,0,0,0
38,extreme,clean,present_only,322,0.468944099378882,0.4693394202828165,0.44144144144144143,0.08359055590636973,0.041769342425058864,0,0
38,extreme,clean,global_scene_memory,322,0.4906832298136646,0.48782448216410484,0.37142857142857144,0.10116152321386275,0.1672497358241962,0.11940199329700502,0
38,extreme,clean,object_separated_memory,322,0.7608695652173914,0.7599677844960864,0.7238095238095238,0.060528524895464966,0.11077002431092545,0.03417349880473701,0
38,extreme,clean,object_contour_memory,322,0.7577639751552795,0.7566515302364358,0.7142857142857143,0.057229760659913795,0.0513757494552052,0.02968242126662183,0
38,extreme,clean,shuffled_object_memory_control,322,0,0,0,0.2929668212774347,0.8293276496789467,0.9844436336415799,0
38,extreme,clean,oracle,322,1,1,1,0,0,0,0
38,extreme,corrupt,present_only,322,0.468944099378882,0.4693394202828165,0.44144144144144143,0.08359055590636973,0.041769342425058864,0,0
38,extreme,corrupt,global_scene_memory,322,0.48757763975155277,0.48747723464704595,0.4716981132075472,0.11782980893490778,0.1930639743437082,0.16939961346847063,0
38,extreme,corrupt,object_separated_memory,322,0.5993788819875776,0.5976283561189222,0.5142857142857142,0.09737751559592749,0.16755991518502766,0.1097349473023094,0
38,extreme,corrupt,object_contour_memory,322,0.6149068322981367,0.6131282225621848,0.5333333333333333,0.08972967430208871,0.13750483950346615,0.10513753734547972,0
38,extreme,corrupt,shuffled_object_memory_control,322,0,0,0,0.2772498629440972,0.7490464127316934,0.9854742957991537,0
38,extreme,corrupt,oracle,322,1,1,1,0,0,0,0
39,standard,clean,present_only,157,0.5095541401273885,0.5096782302664655,0.5,0.08334731255156218,0.0037912125856972567,0,0
39,standard,clean,global_scene_memory,157,0.46496815286624205,0.4636053851740127,0.34615384615384615,0.11376721106927574,0.22990588876413362,0.03801460241039917,0
39,standard,clean,object_separated_memory,157,0.8280254777070064,0.8288922406569466,0.7777777777777778,0.04249337459212518,0.06678783427381485,0.03237754803307057,0
39,standard,clean,object_contour_memory,157,0.8343949044585988,0.8347019719568739,0.8148148148148148,0.04183746170255378,0.04861336572050185,0.02800841647821251,0
39,standard,clean,shuffled_object_memory_control,157,0,0,0,0.2944085049646309,0.8368350131035449,0.9850925036171905,0
39,standard,clean,oracle,157,1,1,1,0,0,0,0
39,standard,corrupt,present_only,157,0.5095541401273885,0.5096782302664655,0.5,0.08334731255156218,0.0037912125856972567,0,0
39,standard,corrupt,global_scene_memory,157,0.45222929936305734,0.4518322998715156,0.4117647058823529,0.1099508273145452,0.187742260935655,0.08961381100536044,0
39,standard,corrupt,object_separated_memory,157,0.6624203821656051,0.661164180772024,0.5490196078431373,0.0844729070225791,0.11639039729241948,0.08975969542891751,0
39,standard,corrupt,object_contour_memory,157,0.6624203821656051,0.6615272889782694,0.5686274509803921,0.07970210480986838,0.0917002155783331,0.0870867382597037,0
39,standard,corrupt,shuffled_object_memory_control,157,0,0,0,0.2829614239698381,0.7845482839629873,0.9846345278939024,0
39,standard,corrupt,oracle,157,1,1,1,0,0,0,0
39,hard,clean,present_only,255,0.4823529411764706,0.4825753229367687,0.4523809523809524,0.08458404362500281,0.04510195686666235,0,0
39,hard,clean,global_scene_memory,255,0.4392156862745098,0.44139110554773203,0.3068181818181818,0.11207326398682099,0.22011281750087022,0.0995458289120024,0
39,hard,clean,object_separated_memory,255,0.7607843137254902,0.7611180653349328,0.7108433734939759,0.05994372478428951,0.10463384201225906,0.032322035441814126,0
39,hard,clean,object_contour_memory,255,0.7647058823529411,0.7653145047723361,0.7159090909090909,0.056480449321884646,0.051420632105229465,0.027298825917917803,0
39,hard,clean,shuffled_object_memory_control,255,0,0,0,0.2974367077417236,0.856965180143499,0.9844289555278684,0
39,hard,clean,oracle,255,1,1,1,0,0,0,0
39,hard,corrupt,present_only,255,0.4823529411764706,0.4825753229367687,0.4523809523809524,0.08458404362500281,0.04510195686666235,0,0
39,hard,corrupt,global_scene_memory,255,0.41568627450980394,0.41700351188303,0.3522727272727273,0.11362449610272253,0.21605584753840854,0.18534622723775696,0
39,hard,corrupt,object_separated_memory,255,0.6431372549019608,0.6423985987238999,0.5662650602409639,0.08724364916777386,0.13236441507281926,0.10326024132899855,0
39,hard,corrupt,object_contour_memory,255,0.6509803921568628,0.6506589127071054,0.6024096385542169,0.0821666805263898,0.09301097941279332,0.10065198901824625,0
39,hard,corrupt,shuffled_object_memory_control,255,0,0,0,0.2754629134998922,0.7418332221762115,0.9862129256804854,0
39,hard,corrupt,oracle,255,1,1,1,0,0,0,0
39,extreme,clean,present_only,343,0.49854227405247814,0.49847728296452914,0.48672566371681414,0.08413170789041075,0.044844524488420856,0,0
39,extreme,clean,global_scene_memory,343,0.47230320699708456,0.47231093665242546,0.46846846846846846,0.11214361993665334,0.2378926939482099,0.09666974489987888,0
39,extreme,clean,object_separated_memory,343,0.7784256559766763,0.7772761978904613,0.6936936936936937,0.05325038584847272,0.06716736861924814,0.029665461133332696,0
39,extreme,clean,object_contour_memory,343,0.7842565597667639,0.7830696019139539,0.6756756756756757,0.05137604872123648,0.058026538501934406,0.025740026883355804,0
39,extreme,clean,shuffled_object_memory_control,343,0,0,0,0.29599669127415745,0.8401136448040893,0.9853284995273025,0
39,extreme,clean,oracle,343,1,1,1,0,0,0,0
39,extreme,corrupt,present_only,343,0.49854227405247814,0.49847728296452914,0.48672566371681414,0.08413170789041075,0.044844524488420856,0,0
39,extreme,corrupt,global_scene_memory,343,0.4606413994169096,0.4619456967192521,0.3865546218487395,0.11140445225808696,0.15729147488729145,0.1760971559230038,0
39,extreme,corrupt,object_separated_memory,343,0.6209912536443148,0.6198748015510119,0.5855855855855856,0.08325570194720086,0.10765939300816336,0.10663746047127862,0
39,extreme,corrupt,object_contour_memory,343,0.6209912536443148,0.6200235336102072,0.5855855855855856,0.07860629892773757,0.06419942744810488,0.10263663155962406,0
39,extreme,corrupt,shuffled_object_memory_control,343,0,0,0,0.27435785352387876,0.7332832497200752,0.9856158455072935,0
39,extreme,corrupt,oracle,343,1,1,1,0,0,0,0
40,standard,clean,present_only,151,0.45695364238410596,0.45738295318127253,0.4117647058823529,0.08455354867738937,0.07410361897117024,0,0
40,standard,clean,global_scene_memory,151,0.5099337748344371,0.5107376283846872,0.39215686274509803,0.10205128428124449,0.15596719472511184,0.06579643171648418,0
40,standard,clean,object_separated_memory,151,0.7682119205298014,0.7677737761771376,0.7254901960784313,0.06455625413158751,0.14330447944656025,0.030086662076899112,0
40,standard,clean,object_contour_memory,151,0.7682119205298014,0.7677737761771376,0.7254901960784313,0.06068559841737131,0.1071884715827921,0.025889718410462063,0
40,standard,clean,shuffled_object_memory_control,151,0,0,0,0.2939382779118815,0.8294823631607195,0.9848931586285351,0
40,standard,clean,oracle,151,1,1,1,0,0,0,0
40,standard,corrupt,present_only,151,0.45695364238410596,0.45738295318127253,0.4117647058823529,0.08455354867738937,0.07410361897117024,0,0
40,standard,corrupt,global_scene_memory,151,0.543046357615894,0.5428838201947447,0.47058823529411764,0.10442589719418843,0.1787312906722447,0.13477461461273305,0
40,standard,corrupt,object_separated_memory,151,0.5827814569536424,0.5837001467253567,0.5294117647058824,0.09250449100948148,0.15609468601505314,0.09877464821245259,0
40,standard,corrupt,object_contour_memory,151,0.5894039735099338,0.590236094437775,0.5490196078431373,0.08581102351122159,0.10260521430050024,0.09595854324295912,0
40,standard,corrupt,shuffled_object_memory_control,151,0,0,0,0.27661142818562684,0.7442558841994055,0.9840228547552383,0
40,standard,corrupt,oracle,151,1,1,1,0,0,0,0
40,hard,clean,present_only,245,0.46530612244897956,0.46531369379958853,0.4578313253012048,0.08486990885906778,0.07390769737708619,0,0
40,hard,clean,global_scene_memory,245,0.39591836734693875,0.3944950533842688,0.3,0.11705634289552563,0.19392262797953597,0.18953528259621752,0
40,hard,clean,object_separated_memory,245,0.7836734693877551,0.783801057890097,0.7349397590361446,0.05829045256949518,0.10955806300026993,0.03664141875392847,0
40,hard,clean,object_contour_memory,245,0.7755102040816326,0.775317122147125,0.7375,0.05516266877364741,0.04363532617658223,0.031848652147619595,0
40,hard,clean,shuffled_object_memory_control,245,0,0,0,0.29784688949091764,0.8510438688583066,0.9864499955705917,0
40,hard,clean,oracle,245,1,1,1,0,0,0,0
40,hard,corrupt,present_only,245,0.46530612244897956,0.46531369379958853,0.4578313253012048,0.08486990885906778,0.07390769737708619,0,0
40,hard,corrupt,global_scene_memory,245,0.4448979591836735,0.44488319130179255,0.43373493975903615,0.1244070295242935,0.23417816082916343,0.1597330332898111,0
40,hard,corrupt,object_separated_memory,245,0.6204081632653061,0.6205823293172691,0.5,0.09103445432569088,0.140861054739107,0.09077703038326326,0
40,hard,corrupt,object_contour_memory,245,0.636734693877551,0.6371963463610539,0.524390243902439,0.08402147423495883,0.0959649763052407,0.08771319282783499,0
40,hard,corrupt,shuffled_object_memory_control,245,0,0,0,0.27330804012670573,0.7316714675701316,0.9869313934578671,0
40,hard,corrupt,oracle,245,1,1,1,0,0,0,0
40,extreme,clean,present_only,330,0.4696969696969697,0.4697697530641456,0.4594594594594595,0.08376738552202216,0.04763200009211044,0,0
40,extreme,clean,global_scene_memory,330,0.3878787878787879,0.38867864860855517,0.3063063063063063,0.12716722535074915,0.23785124358959775,0.16872224986215156,0
40,extreme,clean,object_separated_memory,330,0.7696969696969697,0.7701918373647345,0.7410714285714286,0.0530357972134795,0.09808781784469872,0.035167988064604784,0
40,extreme,clean,object_contour_memory,330,0.7848484848484848,0.7851264147993119,0.7678571428571429,0.05080757131444514,0.03045026900725432,0.030292941749833838,0
40,extreme,clean,shuffled_object_memory_control,330,0,0,0,0.2987802622808335,0.8575619533287263,0.9856373245987176,0
40,extreme,clean,oracle,330,1,1,1,0,0,0,0
40,extreme,corrupt,present_only,330,0.4696969696969697,0.4697697530641456,0.4594594594594595,0.08376738552202216,0.04763200009211044,0,0
40,extreme,corrupt,global_scene_memory,330,0.4575757575757576,0.4574795924094989,0.42342342342342343,0.11959457640512254,0.19387160866432718,0.16588345559248485,0
40,extreme,corrupt,object_separated_memory,330,0.6363636363636364,0.6362484814587618,0.6261682242990654,0.0949212490741022,0.15534362061089604,0.10558533933203329,0
40,extreme,corrupt,object_contour_memory,330,0.6272727272727273,0.6272930975033778,0.6160714285714286,0.0872014477736059,0.09570314115523443,0.10046331833954958,0
40,extreme,corrupt,shuffled_object_memory_control,330,0,0,0,0.2773086665136017,0.7499629304270747,0.9863805799878103,0
40,extreme,corrupt,oracle,330,1,1,1,0,0,0,0
