seed,severity,condition,mode,missing_count,missing_accuracy,missing_soft_iou,missing_brier,missing_ece,outside_hallucination_rate
1,standard,clean,present_only,223,0.31390134529147984,0.19920508776836143,0.22316396775496505,0.042641271755338495,0
1,standard,clean,last_observation,223,0.9013452914798207,0.8361179233595936,0.04903126739312695,0.06980011735635958,0
1,standard,clean,decayed_material_memory,223,0.9865470852017937,0.85404486837705,0.013353507160606865,0.06395555811940681,0
1,standard,clean,contour_material_memory,223,0.9955156950672646,0.7421496345165108,0.018692564813764155,0.1461336762162339,0
1,standard,clean,shuffled_memory_control,223,0.273542600896861,0.15640979805299704,0.44637045070766646,0.6490489261855263,0
1,standard,clean,oracle,223,1,1,0,0,0
1,standard,corrupt,present_only,223,0.31390134529147984,0.19920508776836143,0.22316396775496505,0.042641271755338495,0
1,standard,corrupt,last_observation,223,0.4439461883408072,0.29245530435691564,0.23075951023823865,0.16651683094762615,0
1,standard,corrupt,decayed_material_memory,223,0.8475336322869955,0.4892178390867203,0.09231489912945919,0.16054629780065946,0
1,standard,corrupt,contour_material_memory,223,0.8654708520179372,0.448082082424555,0.09671853952214257,0.2184626744534652,0
1,standard,corrupt,shuffled_memory_control,223,0.34080717488789236,0.20781214862141875,0.3025946956422225,0.35149203202358414,0
1,standard,corrupt,oracle,223,1,1,0,0,0
1,hard,clean,present_only,351,0.3162393162393162,0.1987693919909397,0.2241621708214696,0.05637766816276607,0
1,hard,clean,last_observation,351,0.7350427350427351,0.5973056489165027,0.09978621446732286,0.07191633708098169,0
1,hard,clean,decayed_material_memory,351,0.9943019943019943,0.8590332490926688,0.01209633913107723,0.06888099519211628,0
1,hard,clean,contour_material_memory,351,0.9943019943019943,0.7461862341813686,0.017639883561821047,0.13813377845296726,0
1,hard,clean,shuffled_memory_control,351,0.32193732193732194,0.19135438111492928,0.41429180699917245,0.6082334892522652,0
1,hard,clean,oracle,351,1,1,0,0,0
1,hard,corrupt,present_only,351,0.3162393162393162,0.1987693919909397,0.2241621708214696,0.05637766816276607,0
1,hard,corrupt,last_observation,351,0.50997150997151,0.3397036931907003,0.265033109092954,0.31128689014304256,0
1,hard,corrupt,decayed_material_memory,351,0.8148148148148148,0.4593772303403531,0.10349956191755243,0.14762343372792483,0
1,hard,corrupt,contour_material_memory,351,0.8290598290598291,0.42263506051513317,0.10694587295768605,0.20471060598811774,0
1,hard,corrupt,shuffled_memory_control,351,0.3190883190883191,0.19057904556041927,0.3104576811317863,0.3495588070580397,0
1,hard,corrupt,oracle,351,1,1,0,0,0
1,extreme,clean,present_only,459,0.31808278867102396,0.19882505856168817,0.22445205505826252,0.05587843016554367,0
1,extreme,clean,last_observation,459,0.6143790849673203,0.46676224733658206,0.13371159823742815,0.07737524064719783,0
1,extreme,clean,decayed_material_memory,459,0.9869281045751634,0.8631581170607623,0.012730929935931742,0.0614943976627976,0
1,extreme,clean,contour_material_memory,459,0.9912854030501089,0.753216026200317,0.017539571449645904,0.13061738846198748,0
1,extreme,clean,shuffled_memory_control,459,0.37254901960784315,0.23038818402988825,0.3808081996326558,0.5615992842544116,0
1,extreme,clean,oracle,459,1,1,0,0,0
1,extreme,corrupt,present_only,459,0.31808278867102396,0.19882505856168817,0.22445205505826252,0.05587843016554367,0
1,extreme,corrupt,last_observation,459,0.3877995642701525,0.25512176746400944,0.22781811362978574,0.13619273501952478,0
1,extreme,corrupt,decayed_material_memory,459,0.803921568627451,0.4729406198492084,0.10617008704821876,0.10989712461490077,0
1,extreme,corrupt,contour_material_memory,459,0.8148148148148148,0.43494555178337,0.10722173521548677,0.16886584754292003,0
1,extreme,corrupt,shuffled_memory_control,459,0.32461873638344224,0.2012619072813915,0.31130757980289864,0.3753563207177603,0
1,extreme,corrupt,oracle,459,1,1,0,0,0
2,standard,clean,present_only,222,0.30180180180180183,0.19887013316597904,0.2235683131624094,0.05007244245454767,0
2,standard,clean,last_observation,222,0.963963963963964,0.9319826208324892,0.024024024024024024,0.036036036036036,0
2,standard,clean,decayed_material_memory,222,0.990990990990991,0.8849083049302373,0.009447261521079636,0.05065581048376209,0
2,standard,clean,contour_material_memory,222,0.990990990990991,0.7713891877084925,0.014257292830702038,0.12329468325278044,0
2,standard,clean,shuffled_memory_control,222,0.32432432432432434,0.19772079742636706,0.4138395354777813,0.6160108561829046,0
2,standard,clean,oracle,222,1,1,0,0,0
2,standard,corrupt,present_only,222,0.30180180180180183,0.19887013316597904,0.2235683131624094,0.05007244245454767,0
2,standard,corrupt,last_observation,222,0.35585585585585583,0.24814826258742653,0.22872173343494298,0.13907317232589378,0
2,standard,corrupt,decayed_material_memory,222,0.8288288288288288,0.4748285400349424,0.09588691541509343,0.153418854470654,0
2,standard,corrupt,contour_material_memory,222,0.8513513513513513,0.4381638122375233,0.09958617468956428,0.21776379000977175,0
2,standard,corrupt,shuffled_memory_control,222,0.36936936936936937,0.21383847463080274,0.29044278576409593,0.3060406049888055,0
2,standard,corrupt,oracle,222,1,1,0,0,0
2,hard,clean,present_only,349,0.32664756446991405,0.1998394978799278,0.22243533573551258,0.017156973051902447,0
2,hard,clean,last_observation,349,0.4383954154727794,0.2745114646057986,0.19164048542720322,0.006940798191792867,0
2,hard,clean,decayed_material_memory,349,0.994269340974212,0.875753090773606,0.010793718552409652,0.060195613761511745,0
2,hard,clean,contour_material_memory,349,0.997134670487106,0.7622429122518412,0.015829886377703172,0.1317707184868515,0
2,hard,clean,shuffled_memory_control,349,0.30945558739255014,0.1865089947340185,0.424471033275559,0.6246736682039227,0
2,hard,clean,oracle,349,1,1,0,0,0
2,hard,corrupt,present_only,349,0.32664756446991405,0.1998394978799278,0.22243533573551258,0.017156973051902447,0
2,hard,corrupt,last_observation,349,0.33810888252148996,0.21576845606712983,0.2295123625080764,0.06962300664576532,0
2,hard,corrupt,decayed_material_memory,349,0.7851002865329513,0.4579495415248827,0.11220796216787787,0.10185642900280897,0
2,hard,corrupt,contour_material_memory,349,0.7994269340974212,0.4231376277116425,0.11275557360485931,0.16605300499166206,0
2,hard,corrupt,shuffled_memory_control,349,0.30659025787965616,0.18953875794189645,0.3186367648300515,0.3789325228546256,0
2,hard,corrupt,oracle,349,1,1,0,0,0
2,extreme,clean,present_only,456,0.3223684210526316,0.19903105101816773,0.22400615627517212,0.04253408591115909,0
2,extreme,clean,last_observation,456,0.8135964912280702,0.7072563736766838,0.08084009996800616,0.09030323022039774,0
2,extreme,clean,decayed_material_memory,456,0.9956140350877193,0.8712168198656824,0.01064098338605215,0.06393166166787145,0
2,extreme,clean,contour_material_memory,456,0.9978070175438597,0.7554789071063661,0.016039396603557837,0.13676192784291005,0
2,extreme,clean,shuffled_memory_control,456,0.3333333333333333,0.20180901800803688,0.40735752708780254,0.5983490400865147,0
2,extreme,clean,oracle,456,1,1,0,0,0
2,extreme,corrupt,present_only,456,0.3223684210526316,0.19903105101816773,0.22400615627517212,0.04253408591115909,0
2,extreme,corrupt,last_observation,456,0.5131578947368421,0.3441393780289704,0.22163940524308853,0.18879196598739154,0
2,extreme,corrupt,decayed_material_memory,456,0.7631578947368421,0.4479282518969933,0.1262709486251134,0.16299790165092753,0
2,extreme,corrupt,contour_material_memory,456,0.7763157894736842,0.4143743637682619,0.12413604261283136,0.14519019263901667,0
2,extreme,corrupt,shuffled_memory_control,456,0.3157894736842105,0.19356806277778507,0.32242291874135365,0.38394309529917614,0
2,extreme,corrupt,oracle,456,1,1,0,0,0
3,standard,clean,present_only,220,0.33181818181818185,0.1999989260005358,0.22222257588592992,0.0031391872439373025,0
3,standard,clean,last_observation,220,0.4,0.2548149415797888,0.20099504332822632,0.016576237404494855,0
3,standard,clean,decayed_material_memory,220,0.990909090909091,0.8606241377767206,0.015013568694425569,0.06160851919712235,0
3,standard,clean,contour_material_memory,220,0.990909090909091,0.7461268360507854,0.019335242794434732,0.133174073411827,0
3,standard,clean,shuffled_memory_control,220,0.35454545454545455,0.21942109183513359,0.3918873611161735,0.5762537635656246,0
3,standard,clean,oracle,220,1,1,0,0,0
3,standard,corrupt,present_only,220,0.33181818181818185,0.1999989260005358,0.22222257588592992,0.0031391872439373025,0
3,standard,corrupt,last_observation,220,0.4090909090909091,0.24528980666042086,0.24137863118029104,0.13214483445908587,0
3,standard,corrupt,decayed_material_memory,220,0.8545454545454545,0.4650338379194456,0.09953126341915072,0.1791419219539454,0
3,standard,corrupt,contour_material_memory,220,0.8545454545454545,0.4277767932764227,0.10399566554841508,0.23167146056549084,0
3,standard,corrupt,shuffled_memory_control,220,0.2818181818181818,0.18641919693933617,0.3133539841096404,0.39358535077332724,0
3,standard,corrupt,oracle,220,1,1,0,0,0
3,hard,clean,present_only,346,0.3265895953757225,0.19997014627521456,0.2222557793306443,0.009087030283326025,0
3,hard,clean,last_observation,346,0.5346820809248555,0.37179992199734907,0.1574605161866851,0.023715676016130893,0
3,hard,clean,decayed_material_memory,346,0.9826589595375722,0.8712459289358757,0.012549265944365577,0.04789077714281893,0
3,hard,clean,contour_material_memory,346,0.9826589595375722,0.7589808232530554,0.01706146551587528,0.11785931791158563,0
3,hard,clean,shuffled_memory_control,346,0.3236994219653179,0.19881828186129522,0.41226455567919107,0.6110687604294341,0
3,hard,clean,oracle,346,1,1,0,0,0
3,hard,corrupt,present_only,346,0.3265895953757225,0.19997014627521456,0.2222557793306443,0.009087030283326025,0
3,hard,corrupt,last_observation,346,0.5722543352601156,0.40188957834570943,0.21825905154149838,0.22998466023954398,0
3,hard,corrupt,decayed_material_memory,346,0.8265895953757225,0.4766645587158555,0.09660497112897708,0.14835025088381631,0
3,hard,corrupt,contour_material_memory,346,0.8410404624277457,0.4387634447798005,0.10017617142206256,0.21284830610689842,0
3,hard,corrupt,shuffled_memory_control,346,0.2947976878612717,0.18315235873033506,0.3205150718917182,0.38990281964719564,0
3,hard,corrupt,oracle,346,1,1,0,0,0
3,extreme,clean,present_only,453,0.31125827814569534,0.19828446769226382,0.2251622698289057,0.06902341199514817,0
3,extreme,clean,last_observation,453,0.5629139072847682,0.4166340146099809,0.1439173085336009,0.07045362683829344,0
3,extreme,clean,decayed_material_memory,453,0.9735099337748344,0.8473725784810923,0.015854050746263976,0.05636093263292114,0
3,extreme,clean,contour_material_memory,453,0.977924944812362,0.7418912304442956,0.02068077768582565,0.12278116269602923,0
3,extreme,clean,shuffled_memory_control,453,0.32671081677704195,0.19448280986151803,0.41059900255126264,0.595489740097116,0
3,extreme,clean,oracle,453,1,1,0,0,0
3,extreme,corrupt,present_only,453,0.31125827814569534,0.19828446769226382,0.2251622698289057,0.06902341199514817,0
3,extreme,corrupt,last_observation,453,0.4922737306843267,0.33547184118548334,0.23529469534511757,0.23685601467524858,0
3,extreme,corrupt,decayed_material_memory,453,0.7947019867549668,0.46077344651090807,0.11193778502225499,0.13795908399611928,0
3,extreme,corrupt,contour_material_memory,453,0.8013245033112583,0.4246306612638553,0.11246329336888121,0.16759320725282648,0
3,extreme,corrupt,shuffled_memory_control,453,0.3090507726269316,0.18606285885448579,0.32319812863050174,0.3796195232755749,0
3,extreme,corrupt,oracle,453,1,1,0,0,0
4,standard,clean,present_only,234,0.34615384615384615,0.19920678717560536,0.22299678632478617,0.002153846153846728,0
4,standard,clean,last_observation,234,0.8846153846153846,0.8128730940903193,0.05992898005698005,0.09015384615384611,0
4,standard,clean,decayed_material_memory,234,0.9914529914529915,0.8593345950972783,0.01205290672428591,0.06455371872060375,0
4,standard,clean,contour_material_memory,234,0.9914529914529915,0.7493690876385025,0.01721372488563529,0.13245765664162676,0
4,standard,clean,shuffled_memory_control,234,0.3547008547008547,0.21922062958045344,0.38759149428906753,0.572212313509991,0
4,standard,clean,oracle,234,1,1,0,0,0
4,standard,corrupt,present_only,234,0.34615384615384615,0.19920678717560536,0.22299678632478617,0.002153846153846728,0
4,standard,corrupt,last_observation,234,0.47863247863247865,0.2916396566411144,0.22824259829059837,0.1558290598290594,0
4,standard,corrupt,decayed_material_memory,234,0.7948717948717948,0.4997467768737212,0.10288796438426048,0.07123417850656993,0
4,standard,corrupt,contour_material_memory,234,0.7905982905982906,0.4572186378228347,0.10277221355569068,0.13914805784686013,0
4,standard,corrupt,shuffled_memory_control,234,0.3504273504273504,0.2061672787132891,0.3191734668259559,0.392516345002035,0
4,standard,corrupt,oracle,234,1,1,0,0,0
4,hard,clean,present_only,369,0.31978319783197834,0.1999082684212358,0.22224782011042005,0.019059777374635545,0
4,hard,clean,last_observation,369,0.7777777777777778,0.6601340638478314,0.08338967669894344,0.06633967166117934,0
4,hard,clean,decayed_material_memory,369,0.994579945799458,0.8665479620100801,0.01044525179494669,0.0664790648661777,0
4,hard,clean,contour_material_memory,369,0.997289972899729,0.7563480378737296,0.015579887013307012,0.13562360243549948,0
4,hard,clean,shuffled_memory_control,369,0.31978319783197834,0.19099107538309892,0.4161043829790084,0.6090956653959604,0
4,hard,clean,oracle,369,1,1,0,0,0
4,hard,corrupt,present_only,369,0.31978319783197834,0.1999082684212358,0.22224782011042005,0.019059777374635545,0
4,hard,corrupt,last_observation,369,0.5203252032520326,0.35763101876596903,0.22087790366326504,0.19836950435620027,0
4,hard,corrupt,decayed_material_memory,369,0.7913279132791328,0.4670227983310323,0.10642646312114835,0.14367056941653342,0
4,hard,corrupt,contour_material_memory,369,0.8292682926829268,0.4309494229299742,0.10771727454409771,0.18665497179150578,0
4,hard,corrupt,shuffled_memory_control,369,0.32791327913279134,0.19971192945760077,0.30855074221864365,0.3789600760412997,0
4,hard,corrupt,oracle,369,1,1,0,0,0
4,extreme,clean,present_only,482,0.34232365145228216,0.19999319661728898,0.2222592491155941,0.00859983139732129,0
4,extreme,clean,last_observation,482,0.520746887966805,0.35141050541390334,0.16832072982625967,0.03621125696580985,0
4,extreme,clean,decayed_material_memory,482,0.9688796680497925,0.8297212867518488,0.020323831003382472,0.04988133815004497,0
4,extreme,clean,contour_material_memory,482,0.9730290456431535,0.7286523256315119,0.024119946763706164,0.12118889472671117,0
4,extreme,clean,shuffled_memory_control,482,0.3278008298755187,0.1944977304634056,0.40769612736641403,0.5958837233634282,0
4,extreme,clean,oracle,482,1,1,0,0,0
4,extreme,corrupt,present_only,482,0.34232365145228216,0.19999319661728898,0.2222592491155941,0.00859983139732129,0
4,extreme,corrupt,last_observation,482,0.4336099585062241,0.27932016108227536,0.218175965297225,0.10718860508654701,0
4,extreme,corrupt,decayed_material_memory,482,0.7572614107883817,0.482839260674087,0.11661994751405992,0.10534363159382588,0
4,extreme,corrupt,contour_material_memory,482,0.7697095435684648,0.4455228912198421,0.11359257503319894,0.11193954722230504,0
4,extreme,corrupt,shuffled_memory_control,482,0.3132780082987552,0.19095030428756124,0.336724233232701,0.4195319911048284,0
4,extreme,corrupt,oracle,482,1,1,0,0,0
5,standard,clean,present_only,219,0.3378995433789954,0.1997368557762065,0.22277327627989035,0.022295816816365888,0
5,standard,clean,last_observation,219,0.5616438356164384,0.3753618905443071,0.15611787785225684,0.014741220220672653,0
5,standard,clean,decayed_material_memory,219,0.9817351598173516,0.8429238106879824,0.015855955950787266,0.06928135631923796,0
5,standard,clean,contour_material_memory,219,0.9817351598173516,0.7440462741970048,0.020019133531856574,0.13505705426403658,0
5,standard,clean,shuffled_memory_control,219,0.2876712328767123,0.16836268404782087,0.4342588333450323,0.633914990712725,0
5,standard,clean,oracle,219,1,1,0,0,0
5,standard,corrupt,present_only,219,0.3378995433789954,0.1997368557762065,0.22277327627989035,0.022295816816365888,0
5,standard,corrupt,last_observation,219,0.6164383561643836,0.4624706515821601,0.2065766201893896,0.27254531364120405,0
5,standard,corrupt,decayed_material_memory,219,0.8356164383561644,0.47374039935076667,0.10184980579735911,0.1567493578933424,0
5,standard,corrupt,contour_material_memory,219,0.863013698630137,0.4379738370597102,0.10332639142669937,0.22389162616468436,0
5,standard,corrupt,shuffled_memory_control,219,0.3515981735159817,0.21010747117252962,0.2987616051025694,0.3311206602351123,0
5,standard,corrupt,oracle,219,1,1,0,0,0
5,hard,clean,present_only,345,0.3130434782608696,0.19808741871947677,0.2242076215919372,0.04145387623648489,0
5,hard,clean,last_observation,345,0.4434782608695652,0.27940761659362245,0.19477618808844688,0.03263553408480941,0
5,hard,clean,decayed_material_memory,345,1,0.8566977304465997,0.012121200086702139,0.07680020015209839,0
5,hard,clean,contour_material_memory,345,1,0.7471349035085705,0.017414739806431455,0.14394347784496167,0
5,hard,clean,shuffled_memory_control,345,0.35942028985507246,0.21476383754948838,0.3904414736743445,0.564508912294086,0
5,hard,clean,oracle,345,1,1,0,0,0
5,hard,corrupt,present_only,345,0.3130434782608696,0.19808741871947677,0.2242076215919372,0.04145387623648489,0
5,hard,corrupt,last_observation,345,0.3855072463768116,0.25818674275667924,0.2506251985120618,0.20099685606931983,0
5,hard,corrupt,decayed_material_memory,345,0.8231884057971014,0.4956992527043744,0.0973734831344426,0.13399281310422356,0
5,hard,corrupt,contour_material_memory,345,0.8463768115942029,0.4544539037509978,0.099183353670673,0.1880735500091291,0
5,hard,corrupt,shuffled_memory_control,345,0.33043478260869563,0.20616979809771327,0.31057557769113636,0.37602624569314114,0
5,hard,corrupt,oracle,345,1,1,0,0,0
5,extreme,clean,present_only,451,0.35476718403547675,0.20003920586221366,0.22199467984112076,0.008288310796039589,0
5,extreme,clean,last_observation,451,0.8004434589800443,0.6396540637724827,0.0864652994007893,0.057050060897536004,0
5,extreme,clean,decayed_material_memory,451,0.9977827050997783,0.8744183228372023,0.010101714034022885,0.06430333947289739,0
5,extreme,clean,contour_material_memory,451,0.9977827050997783,0.7623268833210748,0.015394960620775947,0.13190208346580742,0
5,extreme,clean,shuffled_memory_control,451,0.3370288248337029,0.20393888939639834,0.4061086108253399,0.596450540793176,0
5,extreme,clean,oracle,451,1,1,0,0,0
5,extreme,corrupt,present_only,451,0.35476718403547675,0.20003920586221366,0.22199467984112076,0.008288310796039589,0
5,extreme,corrupt,last_observation,451,0.5077605321507761,0.34233767298306944,0.22222070522088444,0.18649011586146538,0
5,extreme,corrupt,decayed_material_memory,451,0.8004434589800443,0.4823174722889165,0.10808166542595049,0.11147973762093276,0
5,extreme,corrupt,contour_material_memory,451,0.811529933481153,0.4447470051973375,0.10771168040969825,0.15491181072669596,0
5,extreme,corrupt,shuffled_memory_control,451,0.3348115299334812,0.20175909113356694,0.3181517911554263,0.3726784373394741,0
5,extreme,corrupt,oracle,451,1,1,0,0,0
6,standard,clean,present_only,239,0.3054393305439331,0.1990208116212758,0.22338161671740722,0.04214222176202953,0
6,standard,clean,last_observation,239,0.9037656903765691,0.7996494082968,0.049677157732478425,0.05005388970730129,0
6,standard,clean,decayed_material_memory,239,0.99581589958159,0.8816649443137358,0.009289458674942104,0.05764677483466718,0
6,standard,clean,contour_material_memory,239,0.9916317991631799,0.7743497649268934,0.01405224556293194,0.12218592344893342,0
6,standard,clean,shuffled_memory_control,239,0.2803347280334728,0.16612386122418699,0.44438568626360103,0.6578343967134506,0
6,standard,clean,oracle,239,1,1,0,0,0
6,standard,corrupt,present_only,239,0.3054393305439331,0.1990208116212758,0.22338161671740722,0.04214222176202953,0
6,standard,corrupt,last_observation,239,0.4100418410041841,0.27210873054405077,0.22280176299742946,0.12589482800005591,0
6,standard,corrupt,decayed_material_memory,239,0.7824267782426778,0.46607794370087746,0.11826642992747259,0.089260903853786,0
6,standard,corrupt,contour_material_memory,239,0.7907949790794979,0.43179242892295316,0.11506165696736893,0.1338415212946826,0
6,standard,corrupt,shuffled_memory_control,239,0.29707112970711297,0.1890487774978872,0.3303719798249551,0.4094205938971883,0
6,standard,corrupt,oracle,239,1,1,0,0,0
6,hard,clean,present_only,375,0.2986666666666667,0.19736839622037214,0.22607058021406445,0.0692425715829274,0
6,hard,clean,last_observation,375,0.616,0.46149949922903194,0.1366069019301552,0.07216855753646695,0
6,hard,clean,decayed_material_memory,375,0.9973333333333333,0.8647002128635023,0.010951044723409176,0.06940400316768787,0
6,hard,clean,contour_material_memory,375,1,0.7555060828055487,0.016079523466163356,0.13870642375735898,0
6,hard,clean,shuffled_memory_control,375,0.368,0.21876843793939008,0.3895097391181977,0.5698595129627793,0
6,hard,clean,oracle,375,1,1,0,0,0
6,hard,corrupt,present_only,375,0.2986666666666667,0.19736839622037214,0.22607058021406445,0.0692425715829274,0
6,hard,corrupt,last_observation,375,0.4533333333333333,0.29267360567441114,0.22180647078207122,0.14044300378173982,0
6,hard,corrupt,decayed_material_memory,375,0.7733333333333333,0.4815259964237757,0.12228680928320862,0.11729133144556939,0
6,hard,corrupt,contour_material_memory,375,0.784,0.4427860709945379,0.1176585943627018,0.13316679557665723,0
6,hard,corrupt,shuffled_memory_control,375,0.3413333333333333,0.2086208212060504,0.32548966804722973,0.41237140572456654,0
6,hard,corrupt,oracle,375,1,1,0,0,0
6,extreme,clean,present_only,491,0.32790224032586557,0.1999141353114734,0.22238083444315024,0.017552305128678503,0
6,extreme,clean,last_observation,491,0.5478615071283096,0.3912120858590266,0.15279663389484274,0.04288094797259687,0
6,extreme,clean,decayed_material_memory,491,0.9877800407331976,0.8657754277530612,0.012269372630493748,0.057284652623297835,0
6,extreme,clean,contour_material_memory,491,0.9898167006109979,0.7571025419381131,0.016838342073788037,0.12654550600800754,0
6,extreme,clean,shuffled_memory_control,491,0.3075356415478615,0.189310846166286,0.41874533441205997,0.6229597465620396,0
6,extreme,clean,oracle,491,1,1,0,0,0
6,extreme,corrupt,present_only,491,0.32790224032586557,0.1999141353114734,0.22238083444315024,0.017552305128678503,0
6,extreme,corrupt,last_observation,491,0.4684317718940937,0.31554458453375006,0.22373010701309654,0.16896870949824036,0
6,extreme,corrupt,decayed_material_memory,491,0.7820773930753564,0.4480644920921218,0.12016337228433323,0.1301201436987523,0
6,extreme,corrupt,contour_material_memory,491,0.7922606924643585,0.41558393882575356,0.11888136387480416,0.1576230206369036,0
6,extreme,corrupt,shuffled_memory_control,491,0.38085539714867617,0.22664542731414436,0.2863110329103426,0.30960369042166946,0
6,extreme,corrupt,oracle,491,1,1,0,0,0
7,standard,clean,present_only,241,0.2821576763485477,0.19857658615494553,0.2235483098242298,0.071242546616891,0
7,standard,clean,last_observation,241,0.5477178423236515,0.37303719631423804,0.15986686811258677,0.03641923053793886,0
7,standard,clean,decayed_material_memory,241,0.970954356846473,0.8440604731846663,0.01965971742777998,0.042771096731813896,0
7,standard,clean,contour_material_memory,241,0.975103734439834,0.7367323157378882,0.023332551088489938,0.11706837019676053,0
7,standard,clean,shuffled_memory_control,241,0.33195020746887965,0.1971014484434396,0.4079916490661066,0.6003880513872513,0
7,standard,clean,oracle,241,1,1,0,0,0
7,standard,corrupt,present_only,241,0.2821576763485477,0.19857658615494553,0.2235483098242298,0.071242546616891,0
7,standard,corrupt,last_observation,241,0.29045643153526973,0.20156851905085835,0.22347770002741132,0.07099275131026735,0
7,standard,corrupt,decayed_material_memory,241,0.8423236514522822,0.46628867584618855,0.09407153480182066,0.20425684269110014,0
7,standard,corrupt,contour_material_memory,241,0.8506224066390041,0.4304716694077037,0.09899150504781953,0.25741232611247344,0
7,standard,corrupt,shuffled_memory_control,241,0.3236514522821577,0.19098140208769956,0.3040085670071883,0.3371684181848195,0
7,standard,corrupt,oracle,241,1,1,0,0,0
7,hard,clean,present_only,378,0.30952380952380953,0.1992750513117109,0.2231892546607506,0.04200107009095949,0
7,hard,clean,last_observation,378,0.5158730158730159,0.36561445938704784,0.16755005948289642,0.0689656636687136,0
7,hard,clean,decayed_material_memory,378,0.9814814814814815,0.8455127918116018,0.01772093529780693,0.05937879940841585,0
7,hard,clean,contour_material_memory,378,0.9841269841269841,0.7404825885306384,0.021977353000507325,0.12692719429114246,0
7,hard,clean,shuffled_memory_control,378,0.328042328042328,0.1954156382174843,0.4104943093265786,0.5993513593217419,0
7,hard,clean,oracle,378,1,1,0,0,0
7,hard,corrupt,present_only,378,0.30952380952380953,0.1992750513117109,0.2231892546607506,0.04200107009095949,0
7,hard,corrupt,last_observation,378,0.5978835978835979,0.4318123080043414,0.2264248786573408,0.29232167273900833,0
7,hard,corrupt,decayed_material_memory,378,0.8174603174603174,0.46842797811192316,0.10049154274590516,0.14763452636551708,0
7,hard,corrupt,contour_material_memory,378,0.8465608465608465,0.43204244157604954,0.1034208220170966,0.21666984548232443,0
7,hard,corrupt,shuffled_memory_control,378,0.3888888888888889,0.22183581268393407,0.2836985868351648,0.2968099180789276,0
7,hard,corrupt,oracle,378,1,1,0,0,0
7,extreme,clean,present_only,495,0.3191919191919192,0.19904410975418996,0.22402446049924346,0.05870011165641009,0
7,extreme,clean,last_observation,495,0.5858585858585859,0.41765002858312733,0.15190604796541915,0.07103944327594727,0
7,extreme,clean,decayed_material_memory,495,0.9616161616161616,0.8321148298731152,0.02096356869403383,0.053273073556960114,0
7,extreme,clean,contour_material_memory,495,0.9656565656565657,0.7307605925859283,0.024190901776970898,0.11658433069176025,0
7,extreme,clean,shuffled_memory_control,495,0.32727272727272727,0.19070122756043054,0.41274537895171814,0.5906532293877985,0
7,extreme,clean,oracle,495,1,1,0,0,0
7,extreme,corrupt,present_only,495,0.3191919191919192,0.19904410975418996,0.22402446049924346,0.05870011165641009,0
7,extreme,corrupt,last_observation,495,0.498989898989899,0.3304910022455179,0.22968751268987242,0.20315234608293745,0
7,extreme,corrupt,decayed_material_memory,495,0.8161616161616162,0.47377959956002896,0.10135976551676236,0.13736087200536465,0
7,extreme,corrupt,contour_material_memory,495,0.8323232323232324,0.43679198954078763,0.10336398702220317,0.19292258746882712,0
7,extreme,corrupt,shuffled_memory_control,495,0.3616161616161616,0.20659952941008686,0.3016368219911582,0.3337573970487217,0
7,extreme,corrupt,oracle,495,1,1,0,0,0
8,standard,clean,present_only,215,0.3209302325581395,0.1995157189709732,0.22307495025513682,0.04327502401257377,0
8,standard,clean,last_observation,215,0.3488372093023256,0.2211091648846116,0.21481800295891887,0.04789708065314193,0
8,standard,clean,decayed_material_memory,215,0.986046511627907,0.8526921771894088,0.013781675942983775,0.07006492115883328,0
8,standard,clean,contour_material_memory,215,0.9953488372093023,0.7430908375163371,0.018797212031409362,0.14229852633834025,0
8,standard,clean,shuffled_memory_control,215,0.28837209302325584,0.1741445245700055,0.4297772664141873,0.6330058898150739,0
8,standard,clean,oracle,215,1,1,0,0,0
8,standard,corrupt,present_only,215,0.3209302325581395,0.1995157189709732,0.22307495025513682,0.04327502401257377,0
8,standard,corrupt,last_observation,215,0.5627906976744186,0.41300337665416814,0.24578075875592745,0.3484937567307972,0
8,standard,corrupt,decayed_material_memory,215,0.8325581395348837,0.4873944204537166,0.09807950860988413,0.14814049799785944,0
8,standard,corrupt,contour_material_memory,215,0.8511627906976744,0.4474847227273043,0.10021065625327855,0.20269436514465677,0
8,standard,corrupt,shuffled_memory_control,215,0.3627906976744186,0.2091821761387435,0.3043119695986639,0.33682553880277366,0
8,standard,corrupt,oracle,215,1,1,0,0,0
8,hard,clean,present_only,337,0.2878338278931751,0.1978891684589045,0.22498829569805542,0.08874274868340365,0
8,hard,clean,last_observation,337,0.7091988130563798,0.59247245326191,0.09522220913671715,0.07806025610179881,0
8,hard,clean,decayed_material_memory,337,0.9970326409495549,0.8700160096275501,0.010710623437834665,0.06596377643341839,0
8,hard,clean,contour_material_memory,337,1,0.7525771980826588,0.01625400590329104,0.14054164401790897,0
8,hard,clean,shuffled_memory_control,337,0.29673590504451036,0.18413330812295733,0.4226935392109346,0.6343329594716278,0
8,hard,clean,oracle,337,1,1,0,0,0
8,hard,corrupt,present_only,337,0.2878338278931751,0.1978891684589045,0.22498829569805542,0.08874274868340365,0
8,hard,corrupt,last_observation,337,0.4094955489614243,0.2765620532555896,0.2274299578269423,0.16872243163044387,0
8,hard,corrupt,decayed_material_memory,337,0.7299703264094956,0.4608856095097449,0.1370799233019989,0.09003749130622403,0
8,hard,corrupt,contour_material_memory,337,0.7626112759643917,0.4250021036263966,0.12990165653077113,0.10587610810918341,0
8,hard,corrupt,shuffled_memory_control,337,0.35014836795252224,0.21133841838050169,0.3257263377459729,0.4000611996486234,0
8,hard,corrupt,oracle,337,1,1,0,0,0
8,extreme,clean,present_only,441,0.31746031746031744,0.19966026526238564,0.22266091346119452,0.03700654132930847,0
8,extreme,clean,last_observation,441,0.6848072562358276,0.5038917751516184,0.11494226465105407,0.021022433949564236,0
8,extreme,clean,decayed_material_memory,441,0.9909297052154195,0.8687264660430776,0.012423514700625686,0.05873470446686292,0
8,extreme,clean,contour_material_memory,441,0.9909297052154195,0.7526719172716786,0.017486526406314394,0.13189698938245176,0
8,extreme,clean,shuffled_memory_control,441,0.3219954648526077,0.19459946375422646,0.414981839514032,0.6101995358959478,0
8,extreme,clean,oracle,441,1,1,0,0,0
8,extreme,corrupt,present_only,441,0.31746031746031744,0.19966026526238564,0.22266091346119452,0.03700654132930847,0
8,extreme,corrupt,last_observation,441,0.5487528344671202,0.3793243734711178,0.21880041298143477,0.21557633620210845,0
8,extreme,corrupt,decayed_material_memory,441,0.8435374149659864,0.49072998813946356,0.09512491028395648,0.14876665337595701,0
8,extreme,corrupt,contour_material_memory,441,0.8616780045351474,0.4493545424966228,0.0984321745972021,0.2136852189969145,0
8,extreme,corrupt,shuffled_memory_control,441,0.3333333333333333,0.19543994897607683,0.31598746051457177,0.3614374282566958,0
8,extreme,corrupt,oracle,441,1,1,0,0,0
9,standard,clean,present_only,227,0.27312775330396477,0.1975858737880212,0.22352591136878106,0.06727271783855587,0
9,standard,clean,last_observation,227,0.5594713656387665,0.432503670773428,0.13238013776731616,0.05116151159954986,0
9,standard,clean,decayed_material_memory,227,0.9911894273127754,0.8586189721762477,0.01154993345878447,0.06350704059399634,0
9,standard,clean,contour_material_memory,227,0.9911894273127754,0.7536342579128493,0.016518417819765555,0.13184531111642664,0
9,standard,clean,shuffled_memory_control,227,0.3436123348017621,0.1913311327758563,0.40802318639893437,0.585081793597404,0
9,standard,clean,oracle,227,1,1,0,0,0
9,standard,corrupt,present_only,227,0.27312775330396477,0.1975858737880212,0.22352591136878106,0.06727271783855587,0
9,standard,corrupt,last_observation,227,0.6387665198237885,0.46496566791510613,0.24082232011747431,0.3612334801762115,0
9,standard,corrupt,decayed_material_memory,227,0.8325991189427313,0.46118260581101306,0.10052559516092532,0.17444170854599125,0
9,standard,corrupt,contour_material_memory,227,0.8370044052863436,0.42756763195495334,0.1026749426890727,0.22230477012930933,0
9,standard,corrupt,shuffled_memory_control,227,0.34801762114537443,0.20513536260931095,0.29287478082530854,0.32175699417503034,0
9,standard,corrupt,oracle,227,1,1,0,0,0
9,hard,clean,present_only,358,0.29608938547486036,0.1990697192260684,0.2228866350526185,0.04632969459328068,0
9,hard,clean,last_observation,358,0.5502793296089385,0.41824402210145367,0.14715983970755891,0.07684657333472837,0
9,hard,clean,decayed_material_memory,358,0.9860335195530726,0.8552765395214421,0.013708929266478377,0.06293130563411126,0
9,hard,clean,contour_material_memory,358,0.9916201117318436,0.7487866997333349,0.01852700973137027,0.13223237742073785,0
9,hard,clean,shuffled_memory_control,358,0.3547486033519553,0.21231170696534374,0.39310015714243757,0.5739402027457767,0
9,hard,clean,oracle,358,1,1,0,0,0
9,hard,corrupt,present_only,358,0.29608938547486036,0.1990697192260684,0.2228866350526185,0.04632969459328068,0
9,hard,corrupt,last_observation,358,0.42178770949720673,0.2861407913054352,0.24746349652595317,0.21635910271906125,0
9,hard,corrupt,decayed_material_memory,358,0.7905027932960894,0.457793413704025,0.1136980848599127,0.11026907359541778,0
9,hard,corrupt,contour_material_memory,358,0.8072625698324022,0.42304050484497696,0.11357589406938605,0.1672731698999272,0
9,hard,corrupt,shuffled_memory_control,358,0.34916201117318435,0.2013781922863759,0.30877932081879716,0.33702501094028137,0
9,hard,corrupt,oracle,358,1,1,0,0,0
9,extreme,clean,present_only,468,0.3504273504273504,0.20005647788022649,0.22214776558486968,0.01197046973614102,0
9,extreme,clean,last_observation,468,0.6602564102564102,0.44850325257579576,0.13666285224467384,0.057960129486014325,0
9,extreme,clean,decayed_material_memory,468,0.9914529914529915,0.8589869915870937,0.012550849150619138,0.07047952408249158,0
9,extreme,clean,contour_material_memory,468,0.9957264957264957,0.7509339238499401,0.017308305540118585,0.13754101425326282,0
9,extreme,clean,shuffled_memory_control,468,0.33547008547008544,0.20293895435688578,0.40334638055246264,0.594050390447423,0
9,extreme,clean,oracle,468,1,1,0,0,0
9,extreme,corrupt,present_only,468,0.3504273504273504,0.20005647788022649,0.22214776558486968,0.01197046973614102,0
9,extreme,corrupt,last_observation,468,0.4594017094017094,0.29814053872813867,0.23008755064082537,0.16730128787349607,0
9,extreme,corrupt,decayed_material_memory,468,0.7970085470085471,0.4836005359620663,0.10398031044109313,0.0980023667514568,0
9,extreme,corrupt,contour_material_memory,468,0.811965811965812,0.4465553655352103,0.10428791529893734,0.15270508510104724,0
9,extreme,corrupt,shuffled_memory_control,468,0.33760683760683763,0.2021633158366429,0.3143499101347927,0.3685744804577069,0
9,extreme,corrupt,oracle,468,1,1,0,0,0
10,standard,clean,present_only,233,0.31759656652360513,0.19974648896808142,0.22244395376533554,0.021874089402747487,0
10,standard,clean,last_observation,233,0.36909871244635195,0.2354076304676843,0.20605230760945845,0.018565071588378723,0
10,standard,clean,decayed_material_memory,233,1,0.8793172141503923,0.009029025120494145,0.06403205538863256,0
10,standard,clean,contour_material_memory,233,1,0.7661561481279421,0.014105297867563975,0.13216043142012499,0
10,standard,clean,shuffled_memory_control,233,0.3605150214592275,0.2202390844124361,0.39248492861605444,0.5754529231521406,0
10,standard,clean,oracle,233,1,1,0,0,0
10,standard,corrupt,present_only,233,0.31759656652360513,0.19974648896808142,0.22244395376533554,0.021874089402747487,0
10,standard,corrupt,last_observation,233,0.6566523605150214,0.48621634541035746,0.2251148903264977,0.33177101596724573,0
10,standard,corrupt,decayed_material_memory,233,0.8369098712446352,0.4737216892714881,0.09797474331713925,0.1572084713884037,0
10,standard,corrupt,contour_material_memory,233,0.8369098712446352,0.43715972887412224,0.10101983722345848,0.2014392045693184,0
10,standard,corrupt,shuffled_memory_control,233,0.2918454935622318,0.1878483626768702,0.31540918484979763,0.3886956785848786,0
10,standard,corrupt,oracle,233,1,1,0,0,0
10,hard,clean,present_only,366,0.319672131147541,0.19955672102692812,0.22293027277078561,0.03687844928363543,0
10,hard,clean,last_observation,366,0.7704918032786885,0.6384092960066566,0.09360937015246285,0.07479904666104825,0
10,hard,clean,decayed_material_memory,366,0.9972677595628415,0.8743915625457149,0.009355155984147418,0.0662809743384089,0
10,hard,clean,contour_material_memory,366,0.9972677595628415,0.76284603169263,0.014708889973281103,0.1336692165431911,0
10,hard,clean,shuffled_memory_control,366,0.33879781420765026,0.1982572716558004,0.4107749645650284,0.5976534518910989,0
10,hard,clean,oracle,366,1,1,0,0,0
10,hard,corrupt,present_only,366,0.319672131147541,0.19955672102692812,0.22293027277078561,0.03687844928363543,0
10,hard,corrupt,last_observation,366,0.49453551912568305,0.32144186179625533,0.22236865947113363,0.15736889323872402,0
10,hard,corrupt,decayed_material_memory,366,0.7295081967213115,0.4558829802480724,0.13799600010361046,0.08793470553743182,0
10,hard,corrupt,contour_material_memory,366,0.7431693989071039,0.42250961349917837,0.13056146246284278,0.10206654493914549,0
10,hard,corrupt,shuffled_memory_control,366,0.2786885245901639,0.17118151985029084,0.36061651890103263,0.45835716892641387,0
10,hard,corrupt,oracle,366,1,1,0,0,0
10,extreme,clean,present_only,480,0.33125,0.19953170448489174,0.2230675555555564,0.018083333333333895,0
10,extreme,clean,last_observation,480,0.7770833333333333,0.6533873312797204,0.07871857777777752,0.04398333333333343,0
10,extreme,clean,decayed_material_memory,480,0.9958333333333333,0.8623870100108778,0.011945768660045293,0.0728267674339241,0
10,extreme,clean,contour_material_memory,480,0.9958333333333333,0.7548241416962709,0.016906454621510893,0.13675472899826074,0
10,extreme,clean,shuffled_memory_control,480,0.35,0.20996747044346842,0.3983522310842379,0.5813398992327439,0
10,extreme,clean,oracle,480,1,1,0,0,0
10,extreme,corrupt,present_only,480,0.33125,0.19953170448489174,0.2230675555555564,0.018083333333333895,0
10,extreme,corrupt,last_observation,480,0.5875,0.4168098504188313,0.23886361481481566,0.30812222222222224,0
10,extreme,corrupt,decayed_material_memory,480,0.8,0.4706142768680272,0.10261293039430457,0.12868063756418813,0
10,extreme,corrupt,contour_material_memory,480,0.8229166666666666,0.4346208055006244,0.1045575523675794,0.18468507227468206,0
10,extreme,corrupt,shuffled_memory_control,480,0.32083333333333336,0.19332044670826098,0.3132027294993189,0.36623459641492884,0
10,extreme,corrupt,oracle,480,1,1,0,0,0
11,standard,clean,present_only,222,0.28378378378378377,0.1978784126764764,0.22458338085837434,0.07534559952939601,0
11,standard,clean,last_observation,222,0.4774774774774775,0.3409570275736183,0.17096918947257192,0.0750678126736174,0
11,standard,clean,decayed_material_memory,222,1,0.8687794187147774,0.00932669174658008,0.0698870181309862,0
11,standard,clean,contour_material_memory,222,0.9954954954954955,0.7547376990643194,0.015063907605985968,0.1387564916320231,0
11,standard,clean,shuffled_memory_control,222,0.32432432432432434,0.18690430996157215,0.41699333239621705,0.605788657544689,0
11,standard,clean,oracle,222,1,1,0,0,0
11,standard,corrupt,present_only,222,0.28378378378378377,0.1978784126764764,0.22458338085837434,0.07534559952939601,0
11,standard,corrupt,last_observation,222,0.481981981981982,0.33367463495007005,0.2295182353390151,0.22067714631197127,0
11,standard,corrupt,decayed_material_memory,222,0.8693693693693694,0.47948849349249945,0.09231492098379204,0.19306444069173465,0
11,standard,corrupt,contour_material_memory,222,0.8918918918918919,0.4403469762370788,0.09706747337754715,0.25911463722312206,0
11,standard,corrupt,shuffled_memory_control,222,0.3153153153153153,0.19125883131038032,0.3098954669252798,0.36999862237132863,0
11,standard,corrupt,oracle,222,1,1,0,0,0
11,hard,clean,present_only,349,0.3123209169054441,0.19952133955550252,0.22288968699695894,0.04195482480485213,0
11,hard,clean,last_observation,349,0.6303724928366762,0.4685751065097687,0.13212994188921556,0.0532411227291137,0
11,hard,clean,decayed_material_memory,349,0.9856733524355301,0.8514588528224444,0.014552470150776093,0.06294762118722713,0
11,hard,clean,contour_material_memory,349,0.9885386819484241,0.7402464308797866,0.019590470924993636,0.1353370748518577,0
11,hard,clean,shuffled_memory_control,349,0.3524355300859599,0.20806311504418265,0.39805701946771505,0.5710986944259755,0
11,hard,clean,oracle,349,1,1,0,0,0
11,hard,corrupt,present_only,349,0.3123209169054441,0.19952133955550252,0.22288968699695894,0.04195482480485213,0
11,hard,corrupt,last_observation,349,0.5616045845272206,0.4046737401637241,0.22199474405525196,0.26077498912374913,0
11,hard,corrupt,decayed_material_memory,349,0.7793696275071633,0.4734530080605239,0.11260525064686616,0.08197526761481387,0
11,hard,corrupt,contour_material_memory,349,0.7851002865329513,0.4345982396438344,0.11220474080319824,0.13874834092052069,0
11,hard,corrupt,shuffled_memory_control,349,0.2979942693409742,0.18817969011589364,0.32983461030674,0.40892769429788717,0
11,hard,corrupt,oracle,349,1,1,0,0,0
11,extreme,clean,present_only,456,0.3267543859649123,0.19952392033337837,0.2230884730648893,0.032577090358208216,0
11,extreme,clean,last_observation,456,0.6293859649122807,0.4657004285295654,0.13013658367746694,0.044659873918780596,0
11,extreme,clean,decayed_material_memory,456,0.9978070175438597,0.859767259584078,0.01129459812442006,0.07201858042122977,0
11,extreme,clean,contour_material_memory,456,0.9978070175438597,0.7473146915461211,0.01705411103165987,0.1414147768722576,0
11,extreme,clean,shuffled_memory_control,456,0.27631578947368424,0.16150076181924228,0.4422126408881491,0.6519575531654365,0
11,extreme,clean,oracle,456,1,1,0,0,0
11,extreme,corrupt,present_only,456,0.3267543859649123,0.19952392033337837,0.2230884730648893,0.032577090358208216,0
11,extreme,corrupt,last_observation,456,0.5614035087719298,0.3961440915066825,0.22743875067489377,0.2629746371499782,0
11,extreme,corrupt,decayed_material_memory,456,0.7894736842105263,0.4643101487343298,0.10883561608999577,0.11050090237882401,0
11,extreme,corrupt,contour_material_memory,456,0.8070175438596491,0.4272654103210715,0.11025571126493916,0.16662386896336656,0
11,extreme,corrupt,shuffled_memory_control,456,0.3333333333333333,0.19502104332443995,0.3140497737766603,0.3547187237897375,0
11,extreme,corrupt,oracle,456,1,1,0,0,0
12,standard,clean,present_only,206,0.32038834951456313,0.19964068312918093,0.22282895893888013,0.034618152436020955,0
12,standard,clean,last_observation,206,0.39805825242718446,0.26166018353281606,0.19711507570636175,0.041486232277449325,0
12,standard,clean,decayed_material_memory,206,0.9951456310679612,0.8724988329860901,0.010003948176676195,0.06196108791696787,0
12,standard,clean,contour_material_memory,206,0.9951456310679612,0.7564067532127025,0.01568604333887317,0.13300507075780812,0
12,standard,clean,shuffled_memory_control,206,0.38349514563106796,0.23774033841494213,0.3753739964505672,0.5496893975199258,0
12,standard,clean,oracle,206,1,1,0,0,0
12,standard,corrupt,present_only,206,0.32038834951456313,0.19964068312918093,0.22282895893888013,0.034618152436020955,0
12,standard,corrupt,last_observation,206,0.32038834951456313,0.19964068312918093,0.22282895893888013,0.034618152436020955,0
12,standard,corrupt,decayed_material_memory,206,0.7378640776699029,0.45400903265767883,0.11405646307904785,0.07957866948433988,0
12,standard,corrupt,contour_material_memory,206,0.7475728155339806,0.4196054013379575,0.11462311260480758,0.13374907571177994,0
12,standard,corrupt,shuffled_memory_control,206,0.28640776699029125,0.1779926209411129,0.32930758154363843,0.39572051508694855,0
12,standard,corrupt,oracle,206,1,1,0,0,0
12,hard,clean,present_only,324,0.32098765432098764,0.19921016315764808,0.2236967644768248,0.048618349431360786,0
12,hard,clean,last_observation,324,0.654320987654321,0.4749111039444831,0.1217836200320164,0.016862390846130712,0
12,hard,clean,decayed_material_memory,324,0.9938271604938271,0.8695705306993476,0.01078278304885554,0.06598696750780829,0
12,hard,clean,contour_material_memory,324,0.9938271604938271,0.7536126977073364,0.016271702735950824,0.13590654922128723,0
12,hard,clean,shuffled_memory_control,324,0.31790123456790126,0.1924742330447948,0.4165634692092275,0.6169271454461125,0
12,hard,clean,oracle,324,1,1,0,0,0
12,hard,corrupt,present_only,324,0.32098765432098764,0.19921016315764808,0.2236967644768248,0.048618349431360786,0
12,hard,corrupt,last_observation,324,0.6450617283950617,0.48883978747182216,0.2134010646724385,0.3101880805132837,0
12,hard,corrupt,decayed_material_memory,324,0.8271604938271605,0.4865196742813848,0.09807840124664938,0.13110541943028348,0
12,hard,corrupt,contour_material_memory,324,0.8395061728395061,0.4456597976111886,0.10059392302003106,0.1971686855792392,0
12,hard,corrupt,shuffled_memory_control,324,0.3333333333333333,0.20113032328245647,0.31145907634658776,0.36889458056971636,0
12,hard,corrupt,oracle,324,1,1,0,0,0
12,extreme,clean,present_only,424,0.3231132075471698,0.1986008039488382,0.2244178282197411,0.04625616182219694,0
12,extreme,clean,last_observation,424,0.5660377358490566,0.3983377057349167,0.153685344361869,0.05469148393676569,0
12,extreme,clean,decayed_material_memory,424,0.9811320754716981,0.8577094940550065,0.01516356033970988,0.05434459560495792,0
12,extreme,clean,contour_material_memory,424,0.9811320754716981,0.7450516319882724,0.01995962564978542,0.12754387801131323,0
12,extreme,clean,shuffled_memory_control,424,0.3443396226415094,0.20211084537558854,0.40611272337913645,0.5842190935763737,0
12,extreme,clean,oracle,424,1,1,0,0,0
12,extreme,corrupt,present_only,424,0.3231132075471698,0.1986008039488382,0.2244178282197411,0.04625616182219694,0
12,extreme,corrupt,last_observation,424,0.5919811320754716,0.4151649373263493,0.2337116424033529,0.2890319564847867,0
12,extreme,corrupt,decayed_material_memory,424,0.7948113207547169,0.4773511779154893,0.10532289231405359,0.09724100789129231,0
12,extreme,corrupt,contour_material_memory,424,0.8066037735849056,0.43880908170743815,0.10675559760884205,0.15648438404347317,0
12,extreme,corrupt,shuffled_memory_control,424,0.3160377358490566,0.19181051911433125,0.32108608296032803,0.39084455071340085,0
12,extreme,corrupt,oracle,424,1,1,0,0,0
13,standard,clean,present_only,202,0.3613861386138614,0.19917391869743126,0.22271404464600114,0.005860173234367438,0
13,standard,clean,last_observation,202,0.900990099009901,0.7841356496938717,0.05781995342411638,0.07371030045747587,0
13,standard,clean,decayed_material_memory,202,0.9900990099009901,0.8618173675071192,0.011570687351078099,0.06489313220015895,0
13,standard,clean,contour_material_memory,202,0.9900990099009901,0.748215773287722,0.017386694608971194,0.13741759214018295,0
13,standard,clean,shuffled_memory_control,202,0.36633663366336633,0.22182233423976597,0.3846832872840312,0.568770234136475,0
13,standard,clean,oracle,202,1,1,0,0,0
13,standard,corrupt,present_only,202,0.3613861386138614,0.19917391869743126,0.22271404464600114,0.005860173234367438,0
13,standard,corrupt,last_observation,202,0.4504950495049505,0.27095525885646254,0.22074575237013438,0.09452083690393033,0
13,standard,corrupt,decayed_material_memory,202,0.7425742574257426,0.46296116345210786,0.1254963912290007,0.10644023717294043,0
13,standard,corrupt,contour_material_memory,202,0.7425742574257426,0.42426110106612264,0.12304658234370368,0.1136519237332028,0
13,standard,corrupt,shuffled_memory_control,202,0.3069306930693069,0.18233671438434532,0.3432098915720633,0.41116442103735706,0
13,standard,corrupt,oracle,202,1,1,0,0,0
13,hard,clean,present_only,317,0.3627760252365931,0.20009006642252236,0.22184891631314,0.011528424468840559,0
13,hard,clean,last_observation,317,0.6908517350157729,0.5395891254532599,0.11104303316872245,0.05333107285794726,0
13,hard,clean,decayed_material_memory,317,0.9747634069400631,0.8519695561824489,0.015380469007491552,0.04799899205726151,0
13,hard,clean,contour_material_memory,317,0.9779179810725552,0.7379287191092438,0.020276552166624127,0.12645922683842878,0
13,hard,clean,shuffled_memory_control,317,0.3470031545741325,0.2120662032647238,0.3951903891256879,0.5797681905824454,0
13,hard,clean,oracle,317,1,1,0,0,0
13,hard,corrupt,present_only,317,0.3627760252365931,0.20009006642252236,0.22184891631314,0.011528424468840559,0
13,hard,corrupt,last_observation,317,0.5205047318611987,0.35310743002318884,0.2482614508784876,0.27688805197478744,0
13,hard,corrupt,decayed_material_memory,317,0.7318611987381703,0.45818777120123527,0.12016809391659183,0.12520482062169636,0
13,hard,corrupt,contour_material_memory,317,0.7728706624605678,0.42100566733026734,0.11895144725908427,0.11828057121121949,0
13,hard,corrupt,shuffled_memory_control,317,0.334384858044164,0.1922873653884208,0.3240828959341682,0.3740707838893416,0
13,hard,corrupt,oracle,317,1,1,0,0,0
13,extreme,clean,present_only,415,0.35180722891566263,0.20005203938344426,0.2223036905016506,0.02050046339202627,0
13,extreme,clean,last_observation,415,0.7180722891566265,0.5638530387475434,0.10915410565338292,0.06563855421686766,0
13,extreme,clean,decayed_material_memory,415,0.9710843373493976,0.8413016149126676,0.017427804285058753,0.05217113933660417,0
13,extreme,clean,contour_material_memory,415,0.9783132530120482,0.7304227795235896,0.022522568542017944,0.13187281934514186,0
13,extreme,clean,shuffled_memory_control,415,0.3397590361445783,0.19848436868686425,0.40561437449698085,0.5791541618682147,0
13,extreme,clean,oracle,415,1,1,0,0,0
13,extreme,corrupt,present_only,415,0.35180722891566263,0.20005203938344426,0.2223036905016506,0.02050046339202627,0
13,extreme,corrupt,last_observation,415,0.43132530120481927,0.2533206685117851,0.23008607590123747,0.09420574606116963,0
13,extreme,corrupt,decayed_material_memory,415,0.7759036144578313,0.4672132120014549,0.11277666101539571,0.08342867810653634,0
13,extreme,corrupt,contour_material_memory,415,0.7951807228915663,0.42865794920783956,0.1132400626471882,0.14626380071037787,0
13,extreme,corrupt,shuffled_memory_control,415,0.3180722891566265,0.18575201547835865,0.3286134468987787,0.3869654449271541,0
13,extreme,corrupt,oracle,415,1,1,0,0,0
14,standard,clean,present_only,209,0.3397129186602871,0.19985436403646817,0.2222780593651418,0.017521396320507476,0
14,standard,clean,last_observation,209,0.9569377990430622,0.9164502164502165,0.028708133971291867,0.0430622009569378,0
14,standard,clean,decayed_material_memory,209,0.9904306220095693,0.8639073311848854,0.011771565598093253,0.06177583353831291,0
14,standard,clean,contour_material_memory,209,0.9904306220095693,0.7470496064318425,0.01743940843524105,0.138241892339768,0
14,standard,clean,shuffled_memory_control,209,0.3062200956937799,0.18702117448183386,0.41920837169478387,0.6224346927774769,0
14,standard,clean,oracle,209,1,1,0,0,0
14,standard,corrupt,present_only,209,0.3397129186602871,0.19985436403646817,0.2222780593651418,0.017521396320507476,0
14,standard,corrupt,last_observation,209,0.6267942583732058,0.4575831231368952,0.24880382775119617,0.3732057416267942,0
14,standard,corrupt,decayed_material_memory,209,0.8373205741626795,0.4675585745171886,0.09393450842225795,0.1976803681435208,0
14,standard,corrupt,contour_material_memory,209,0.8421052631578947,0.4294639882048905,0.10005790695780918,0.24209050313697084,0
14,standard,corrupt,shuffled_memory_control,209,0.3397129186602871,0.2013456488885682,0.29485344435213967,0.323282470757008,0
14,standard,corrupt,oracle,209,1,1,0,0,0
14,hard,clean,present_only,329,0.3525835866261398,0.1998623268059656,0.22247579340636656,0.0032305367185621603,0
14,hard,clean,last_observation,329,0.8936170212765957,0.7918470281060607,0.05816618704762772,0.06647039985617091,0
14,hard,clean,decayed_material_memory,329,0.9908814589665653,0.840875985231837,0.01645392239268434,0.07384324753970509,0
14,hard,clean,contour_material_memory,329,0.9878419452887538,0.7289138610408843,0.021847286641951784,0.14161736412470607,0
14,hard,clean,shuffled_memory_control,329,0.3282674772036474,0.20558643426920675,0.39806121999129973,0.5887707342232132,0
14,hard,clean,oracle,329,1,1,0,0,0
14,hard,corrupt,present_only,329,0.3525835866261398,0.1998623268059656,0.22247579340636656,0.0032305367185621603,0
14,hard,corrupt,last_observation,329,0.4376899696048632,0.27326066387007775,0.2462011167713336,0.16756653501059102,0
14,hard,corrupt,decayed_material_memory,329,0.7386018237082067,0.4542087419559342,0.14296119717338915,0.1356508946101036,0
14,hard,corrupt,contour_material_memory,329,0.7507598784194529,0.41802379097817055,0.1359527820170599,0.13727398736164736,0
14,hard,corrupt,shuffled_memory_control,329,0.3221884498480243,0.20119509419891857,0.33573477284745895,0.4271776965300192,0
14,hard,corrupt,oracle,329,1,1,0,0,0
14,extreme,clean,present_only,431,0.3433874709976798,0.19967547326505022,0.22281007222071159,0.027532410307958888,0
14,extreme,clean,last_observation,431,0.7911832946635731,0.6540377104383096,0.08845159884097188,0.06431802378018142,0
14,extreme,clean,decayed_material_memory,431,0.9953596287703016,0.8545073671811254,0.013316030716886907,0.0748529273613239,0
14,extreme,clean,contour_material_memory,431,0.9930394431554525,0.741864553540807,0.018731038588276155,0.142419056357065,0
14,extreme,clean,shuffled_memory_control,431,0.27610208816705334,0.1619148010867817,0.4416775240321024,0.6462074167216981,0
14,extreme,clean,oracle,431,1,1,0,0,0
14,extreme,corrupt,present_only,431,0.3433874709976798,0.19967547326505022,0.22281007222071159,0.027532410307958888,0
14,extreme,corrupt,last_observation,431,0.4408352668213457,0.2685878516370996,0.24035436017762918,0.15048159342361675,0
14,extreme,corrupt,decayed_material_memory,431,0.8236658932714617,0.4741443996952179,0.10382412595285123,0.1565816926008049,0
14,extreme,corrupt,contour_material_memory,431,0.8259860788863109,0.43553075392595736,0.10604148877493914,0.18208714126627287,0
14,extreme,corrupt,shuffled_memory_control,431,0.3294663573085847,0.19366809593684806,0.3164484959211257,0.36209464892457743,0
14,extreme,corrupt,oracle,431,1,1,0,0,0
15,standard,clean,present_only,222,0.33783783783783783,0.19984733218595208,0.22259159655523303,0.019737919737920995,0
15,standard,clean,last_observation,222,0.5900900900900901,0.3871465667554365,0.1487217200671742,0.021594321594320884,0
15,standard,clean,decayed_material_memory,222,0.9819819819819819,0.8822367155795346,0.011650553545650236,0.04577058497902782,0
15,standard,clean,contour_material_memory,222,0.9864864864864865,0.7725951128315313,0.01566804767678567,0.11687678198420594,0
15,standard,clean,shuffled_memory_control,222,0.32432432432432434,0.19180192264592463,0.4219402890518653,0.6208960816876409,0
15,standard,clean,oracle,222,1,1,0,0,0
15,standard,corrupt,present_only,222,0.33783783783783783,0.19984733218595208,0.22259159655523303,0.019737919737920995,0
15,standard,corrupt,last_observation,222,0.4369369369369369,0.26192481154764846,0.2340375152011517,0.12260442260442178,0
15,standard,corrupt,decayed_material_memory,222,0.8018018018018018,0.4735255070460349,0.10314809006149883,0.1106302709756633,0
15,standard,corrupt,contour_material_memory,222,0.8153153153153153,0.43667013521086334,0.10462414769924774,0.17121965078577225,0
15,standard,corrupt,shuffled_memory_control,222,0.3063063063063063,0.19047494604445714,0.31840895662097884,0.3848652245198321,0
15,standard,corrupt,oracle,222,1,1,0,0,0
15,hard,clean,present_only,348,0.31896551724137934,0.19981032518665218,0.22239855922481508,0.03181982307275416,0
15,hard,clean,last_observation,348,0.6091954022988506,0.46637934380520346,0.12716229442272017,0.05500391165673617,0
15,hard,clean,decayed_material_memory,348,0.9971264367816092,0.8699741460626317,0.009948462207486864,0.06578693861155466,0
15,hard,clean,contour_material_memory,348,0.9971264367816092,0.760331153707749,0.015087215388437087,0.13266311551536752,0
15,hard,clean,shuffled_memory_control,348,0.3448275862068966,0.21004946089763,0.398604277805764,0.5865119119631572,0
15,hard,clean,oracle,348,1,1,0,0,0
15,hard,corrupt,present_only,348,0.31896551724137934,0.19981032518665218,0.22239855922481508,0.03181982307275416,0
15,hard,corrupt,last_observation,348,0.3850574712643678,0.2500684068636768,0.23757940022523696,0.13922489017271297,0
15,hard,corrupt,decayed_material_memory,348,0.7758620689655172,0.47737167048525203,0.11095281170863318,0.0933124795971388,0
15,hard,corrupt,contour_material_memory,348,0.7873563218390804,0.44067293109005634,0.10988069962393901,0.1226781504701839,0
15,hard,corrupt,shuffled_memory_control,348,0.3132183908045977,0.18729596913924326,0.33143604706726454,0.4016778692465678,0
15,hard,corrupt,oracle,348,1,1,0,0,0
15,extreme,clean,present_only,456,0.34210526315789475,0.1997307429374022,0.22299714519450933,0.030443756449950066,0
15,extreme,clean,last_observation,456,0.5855263157894737,0.4071356832025179,0.14837482980808456,0.03882868937048582,0
15,extreme,clean,decayed_material_memory,456,0.993421052631579,0.8742541214702557,0.010047057259118433,0.06319661396215155,0
15,extreme,clean,contour_material_memory,456,0.993421052631579,0.7621894943117331,0.015274826515723688,0.13228334114377627,0
15,extreme,clean,shuffled_memory_control,456,0.31140350877192985,0.18421782800929046,0.42454010025920147,0.6220045738474755,0
15,extreme,clean,oracle,456,1,1,0,0,0
15,extreme,corrupt,present_only,456,0.34210526315789475,0.1997307429374022,0.22299714519450933,0.030443756449950066,0
15,extreme,corrupt,last_observation,456,0.4649122807017544,0.29971258871172196,0.22028935413174658,0.14293085655314847,0
15,extreme,corrupt,decayed_material_memory,456,0.8070175438596491,0.5005433700294954,0.09776976141307477,0.10502303761047485,0
15,extreme,corrupt,contour_material_memory,456,0.8223684210526315,0.45954507313523285,0.0989022240721905,0.1587799075260122,0
15,extreme,corrupt,shuffled_memory_control,456,0.3508771929824561,0.21952113717350485,0.3024514325392928,0.36194251785621423,0
15,extreme,corrupt,oracle,456,1,1,0,0,0
16,standard,clean,present_only,208,0.3173076923076923,0.19922972858936508,0.22237956188799088,0.03236972704714691,0
16,standard,clean,last_observation,208,0.6875,0.5156343230502184,0.11089820966407836,0.01547766749379694,0
16,standard,clean,decayed_material_memory,208,0.9903846153846154,0.8859822668427433,0.010177551125284135,0.04853705146968358,0
16,standard,clean,contour_material_memory,208,0.9903846153846154,0.7684658050336471,0.014676237872281669,0.11934830971627891,0
16,standard,clean,shuffled_memory_control,208,0.38461538461538464,0.2398725933557944,0.3805863557385729,0.5572321792995462,0
16,standard,clean,oracle,208,1,1,0,0,0
16,standard,corrupt,present_only,208,0.3173076923076923,0.19922972858936508,0.22237956188799088,0.03236972704714691,0
16,standard,corrupt,last_observation,208,0.3173076923076923,0.19922972858936508,0.22237956188799088,0.03236972704714691,0
16,standard,corrupt,decayed_material_memory,208,0.7644230769230769,0.4791397287300409,0.11269854108004394,0.045600966816759333,0
16,standard,corrupt,contour_material_memory,208,0.7692307692307693,0.4415398935784817,0.11135214751603048,0.1170609668386374,0
16,standard,corrupt,shuffled_memory_control,208,0.35096153846153844,0.2124967653878961,0.310407951053628,0.3752451349974637,0
16,standard,corrupt,oracle,208,1,1,0,0,0
16,hard,clean,present_only,327,0.3486238532110092,0.20003111286899186,0.22198361356647314,0.003331454051561711,0
16,hard,clean,last_observation,327,0.8470948012232415,0.734404598150074,0.05906964067222601,0.028052551552115917,0
16,hard,clean,decayed_material_memory,327,0.9908256880733946,0.8740629964806409,0.01164464911948673,0.06025460160806102,0
16,hard,clean,contour_material_memory,327,0.9908256880733946,0.7610434903140101,0.01665107149241144,0.1296705539201889,0
16,hard,clean,shuffled_memory_control,327,0.3761467889908257,0.22293030173594094,0.39005321682842387,0.5680049678630583,0
16,hard,clean,oracle,327,1,1,0,0,0
16,hard,corrupt,present_only,327,0.3486238532110092,0.20003111286899186,0.22198361356647314,0.003331454051561711,0
16,hard,corrupt,last_observation,327,0.4709480122324159,0.3090349544584074,0.2331386636661787,0.18223907881024431,0
16,hard,corrupt,decayed_material_memory,327,0.7981651376146789,0.4871114622084383,0.10493320290343176,0.08754285446691168,0
16,hard,corrupt,contour_material_memory,327,0.8103975535168195,0.4467283280220389,0.10526751365158508,0.15085869745407904,0
16,hard,corrupt,shuffled_memory_control,327,0.290519877675841,0.18622830175257024,0.3320553288515743,0.4201024054719261,0
16,hard,corrupt,oracle,327,1,1,0,0,0
16,extreme,clean,present_only,428,0.3247663551401869,0.19947960973821008,0.22309692991313496,0.048367973218023,0
16,extreme,clean,last_observation,428,0.8130841121495327,0.7102394876571411,0.06859163521213833,0.060956897754219516,0
16,extreme,clean,decayed_material_memory,428,0.9906542056074766,0.8677542806688278,0.011193469643301297,0.06602814857267927,0
16,extreme,clean,contour_material_memory,428,0.9953271028037384,0.7556346557409647,0.01628287015611106,0.13396742630995861,0
16,extreme,clean,shuffled_memory_control,428,0.3060747663551402,0.18232276080349072,0.4250262169850291,0.6236826188471325,0
16,extreme,clean,oracle,428,1,1,0,0,0
16,extreme,corrupt,present_only,428,0.3247663551401869,0.19947960973821008,0.22309692991313496,0.048367973218023,0
16,extreme,corrupt,last_observation,428,0.5677570093457944,0.3975084438036716,0.2427860835312903,0.3062840005579578,0
16,extreme,corrupt,decayed_material_memory,428,0.8247663551401869,0.48312300873543207,0.10154342928495454,0.1272863223660515,0
16,extreme,corrupt,contour_material_memory,428,0.8317757009345794,0.4436600740344672,0.10326047722471572,0.18118164123728478,0
16,extreme,corrupt,shuffled_memory_control,428,0.3177570093457944,0.19330753705328896,0.3199732917587538,0.3829649760993942,0
16,extreme,corrupt,oracle,428,1,1,0,0,0
17,standard,clean,present_only,222,0.35585585585585583,0.2000154363334762,0.22199370941189114,0.012825552825552256,0
17,standard,clean,last_observation,222,0.9054054054054054,0.8146971064641934,0.05803176178933754,0.07914277914277913,0
17,standard,clean,decayed_material_memory,222,0.9684684684684685,0.8382430239540586,0.017540287096298346,0.0701059513411996,0
17,standard,clean,contour_material_memory,222,0.9819819819819819,0.7328131556345981,0.022100865695195118,0.1332810050099809,0
17,standard,clean,shuffled_memory_control,222,0.4009009009009009,0.24604952508106984,0.3623191326132825,0.5154796342443859,0
17,standard,clean,oracle,222,1,1,0,0,0
17,standard,corrupt,present_only,222,0.35585585585585583,0.2000154363334762,0.22199370941189114,0.012825552825552256,0
17,standard,corrupt,last_observation,222,0.545045045045045,0.37283666577241653,0.2481475811900055,0.2892328692328693,0
17,standard,corrupt,decayed_material_memory,222,0.7342342342342343,0.4472464741794939,0.12202462212061511,0.04904471861039401,0
17,standard,corrupt,contour_material_memory,222,0.7612612612612613,0.4153303411001381,0.12037228989404201,0.12238200774819893,0
17,standard,corrupt,shuffled_memory_control,222,0.35585585585585583,0.22353789190583864,0.29000630106027403,0.32933365976798457,0
17,standard,corrupt,oracle,222,1,1,0,0,0
17,hard,clean,present_only,348,0.3045977011494253,0.19884025456774765,0.2240451064241224,0.06363964614551193,0
17,hard,clean,last_observation,348,0.7959770114942529,0.6571375916699039,0.08401273141255872,0.05152855509418072,0
17,hard,clean,decayed_material_memory,348,1,0.8657247611604464,0.011596997175751802,0.07166623368389617,0
17,hard,clean,contour_material_memory,348,1,0.7505618568243958,0.016797455120825335,0.14216454315547064,0
17,hard,clean,shuffled_memory_control,348,0.3764367816091954,0.22506558542467525,0.38489098383025566,0.5595678247720031,0
17,hard,clean,oracle,348,1,1,0,0,0
17,hard,corrupt,present_only,348,0.3045977011494253,0.19884025456774765,0.2240451064241224,0.06363964614551193,0
17,hard,corrupt,last_observation,348,0.4454022988505747,0.3037883307104342,0.22853812330494527,0.19151571683617113,0
17,hard,corrupt,decayed_material_memory,348,0.8390804597701149,0.5050774776471173,0.09427384392522022,0.15095057455562358,0
17,hard,corrupt,contour_material_memory,348,0.8620689655172413,0.46127605263905647,0.09667948961716386,0.21782413789245106,0
17,hard,corrupt,shuffled_memory_control,348,0.3620689655172414,0.21294487385556984,0.30701494064165025,0.34904942544437656,0
17,hard,corrupt,oracle,348,1,1,0,0,0
17,extreme,clean,present_only,456,0.3355263157894737,0.19959613063049406,0.223242857514523,0.042624944714728885,0
17,extreme,clean,last_observation,456,0.625,0.44408008169190455,0.13802672771895155,0.04089267285861664,0
17,extreme,clean,decayed_material_memory,456,0.9912280701754386,0.8753343832169401,0.011350763382352181,0.05687928392846059,0
17,extreme,clean,contour_material_memory,456,0.9912280701754386,0.7601024790975216,0.016198690547224472,0.1311004210967304,0
17,extreme,clean,shuffled_memory_control,456,0.35526315789473684,0.21305768854108556,0.399508208009121,0.5814549674071592,0
17,extreme,clean,oracle,456,1,1,0,0,0
17,extreme,corrupt,present_only,456,0.3355263157894737,0.19959613063049406,0.223242857514523,0.042624944714728885,0
17,extreme,corrupt,last_observation,456,0.5350877192982456,0.3660416627311826,0.23182771560636592,0.24808344390387757,0
17,extreme,corrupt,decayed_material_memory,456,0.7894736842105263,0.4618591163168757,0.10652530776871037,0.11547436010918663,0
17,extreme,corrupt,contour_material_memory,456,0.8135964912280702,0.4257655913258687,0.10846696538532441,0.18525469731321398,0
17,extreme,corrupt,shuffled_memory_control,456,0.3333333333333333,0.19984428090386408,0.3056908081735976,0.3406659907680062,0
17,extreme,corrupt,oracle,456,1,1,0,0,0
18,standard,clean,present_only,227,0.34801762114537443,0.2000056268329585,0.22207828559333156,0.0060057868258476255,0
18,standard,clean,last_observation,227,0.4669603524229075,0.2962335877028662,0.18387610391155512,0.012131480853946719,0
18,standard,clean,decayed_material_memory,227,0.986784140969163,0.8701044995552882,0.011527463137945067,0.05465828763954404,0
18,standard,clean,contour_material_memory,227,0.986784140969163,0.7604605648340469,0.016162504035630177,0.12617981901627764,0
18,standard,clean,shuffled_memory_control,227,0.30837004405286345,0.18730643508989844,0.4212456161777795,0.6247841868822817,0
18,standard,clean,oracle,227,1,1,0,0,0
18,standard,corrupt,present_only,227,0.34801762114537443,0.2000056268329585,0.22207828559333156,0.0060057868258476255,0
18,standard,corrupt,last_observation,227,0.6651982378854625,0.4824696013697065,0.22796951430590814,0.349294893517191,0
18,standard,corrupt,decayed_material_memory,227,0.8061674008810573,0.4687246548860766,0.10661775938681,0.13813494497720527,0
18,standard,corrupt,contour_material_memory,227,0.8281938325991189,0.432129318508069,0.10759806516246456,0.1970784897196559,0
18,standard,corrupt,shuffled_memory_control,227,0.3436123348017621,0.19154144169056145,0.31758601540329706,0.36667344829800297,0
18,standard,corrupt,oracle,227,1,1,0,0,0
18,hard,clean,present_only,356,0.3342696629213483,0.199904609314372,0.22247115358998792,0.021778037249012727,0
18,hard,clean,last_observation,356,0.5449438202247191,0.38062602901471826,0.16285931021920516,0.060725838868365745,0
18,hard,clean,decayed_material_memory,356,0.9634831460674157,0.8389786851422341,0.02149593902503613,0.041624816411865585,0
18,hard,clean,contour_material_memory,356,0.9662921348314607,0.7343237147484462,0.024995076815804165,0.10878830620263683,0
18,hard,clean,shuffled_memory_control,356,0.3258426966292135,0.191085978365082,0.41584383771296185,0.6000966807193349,0
18,hard,clean,oracle,356,1,1,0,0,0
18,hard,corrupt,present_only,356,0.3342696629213483,0.199904609314372,0.22247115358998792,0.021778037249012727,0
18,hard,corrupt,last_observation,356,0.5252808988764045,0.3619562358183515,0.2165577464668095,0.19615546580403107,0
18,hard,corrupt,decayed_material_memory,356,0.7331460674157303,0.46979068236087457,0.15006991851149315,0.1817207887132799,0
18,hard,corrupt,contour_material_memory,356,0.7331460674157303,0.43392680596961714,0.13763206113150478,0.1348688490108118,0
18,hard,corrupt,shuffled_memory_control,356,0.3539325842696629,0.2073102195571271,0.3473951337237186,0.44398287927081137,0
18,hard,corrupt,oracle,356,1,1,0,0,0
18,extreme,clean,present_only,467,0.30406852248394006,0.1965140545519838,0.2287294293851462,0.10963010765304959,0
18,extreme,clean,last_observation,467,0.7301927194860813,0.5912291337841228,0.095004750246084,0.0651667595553078,0
18,extreme,clean,decayed_material_memory,467,0.9914346895074947,0.8763533209768829,0.010266096818375302,0.05604719783719203,0
18,extreme,clean,contour_material_memory,467,0.9957173447537473,0.7639381444384874,0.015214165321799311,0.1287252631124444,0
18,extreme,clean,shuffled_memory_control,467,0.37687366167023556,0.222655271109101,0.3901196131844072,0.5585138300000664,0
18,extreme,clean,oracle,467,1,1,0,0,0
18,extreme,corrupt,present_only,467,0.30406852248394006,0.1965140545519838,0.2287294293851462,0.10963010765304959,0
18,extreme,corrupt,last_observation,467,0.5674518201284796,0.4200657212346715,0.24161267003744602,0.34968760083306455,0
18,extreme,corrupt,decayed_material_memory,467,0.8137044967880086,0.4555495198811073,0.1087100362887117,0.14069494774530786,0
18,extreme,corrupt,contour_material_memory,467,0.8351177730192719,0.42279611619626606,0.11006667021503402,0.2021532967869786,0
18,extreme,corrupt,shuffled_memory_control,467,0.33832976445396146,0.19953825659471802,0.3038738262968998,0.34050097288207815,0
18,extreme,corrupt,oracle,467,1,1,0,0,0
19,standard,clean,present_only,218,0.3256880733944954,0.19979726206545598,0.22234586610059037,0.017485358339820345,0
19,standard,clean,last_observation,218,0.4908256880733945,0.33270561718775865,0.17137940972151394,0.030112732319982995,0
19,standard,clean,decayed_material_memory,218,0.9908256880733946,0.8807639001363256,0.010466449046737936,0.05319421567013671,0
19,standard,clean,contour_material_memory,218,0.9908256880733946,0.7645453107050143,0.015483581297849493,0.12339578988151673,0
19,standard,clean,shuffled_memory_control,218,0.3211009174311927,0.19557017803936771,0.41698205773020525,0.6168131317035823,0
19,standard,clean,oracle,218,1,1,0,0,0
19,standard,corrupt,present_only,218,0.3256880733944954,0.19979726206545598,0.22234586610059037,0.017485358339820345,0
19,standard,corrupt,last_observation,218,0.6238532110091743,0.451956894822324,0.22527105429488864,0.2985205998848979,0
19,standard,corrupt,decayed_material_memory,218,0.8348623853211009,0.4812840224339734,0.1011163901807532,0.1418478294274445,0
19,standard,corrupt,contour_material_memory,218,0.8440366972477065,0.44138582416893657,0.10330714515185659,0.19842393680549417,0
19,standard,corrupt,shuffled_memory_control,218,0.28440366972477066,0.1749386982442648,0.3355621122889622,0.4086108861688856,0
19,standard,corrupt,oracle,218,1,1,0,0,0
19,hard,clean,present_only,343,0.3323615160349854,0.19997245506894398,0.22223637882556832,0.01044487828118107,0
19,hard,clean,last_observation,343,0.7259475218658892,0.5517695348770282,0.10487367100223281,0.0370878622953876,0
19,hard,clean,decayed_material_memory,343,0.9970845481049563,0.8891951394125065,0.0077543996016047724,0.05551263944448391,0
19,hard,clean,contour_material_memory,343,1,0.7693688967651732,0.013207914485812192,0.13034803339684112,0
19,hard,clean,shuffled_memory_control,343,0.3177842565597668,0.19037188459545315,0.4221320314036277,0.6237876521007062,0
19,hard,clean,oracle,343,1,1,0,0,0
19,hard,corrupt,present_only,343,0.3323615160349854,0.19997245506894398,0.22223637882556832,0.01044487828118107,0
19,hard,corrupt,last_observation,343,0.46647230320699706,0.3018365062827346,0.20794264488333405,0.09092792153654236,0
19,hard,corrupt,decayed_material_memory,343,0.8046647230320699,0.47695763468704344,0.10259476824910435,0.11190844486573027,0
19,hard,corrupt,contour_material_memory,343,0.8163265306122449,0.4382424885259768,0.105128413939136,0.16950828189639322,0
19,hard,corrupt,shuffled_memory_control,343,0.3323615160349854,0.20020078886968765,0.31069522219749013,0.3621336727151573,0
19,hard,corrupt,oracle,343,1,1,0,0,0
19,extreme,clean,present_only,449,0.33407572383073497,0.19998903114559816,0.22224111928149906,0.010653620898612215,0
19,extreme,clean,last_observation,449,0.5879732739420935,0.4327395170672393,0.14163059096931394,0.05155489565289119,0
19,extreme,clean,decayed_material_memory,449,0.9821826280623608,0.8670577766775378,0.012477015451561092,0.05115402151387164,0
19,extreme,clean,contour_material_memory,449,0.9821826280623608,0.751664100770658,0.01781033934329762,0.12659380673602916,0
19,extreme,clean,shuffled_memory_control,449,0.3429844097995546,0.2058502111686014,0.40473551120180895,0.5880441967489347,0
19,extreme,clean,oracle,449,1,1,0,0,0
19,extreme,corrupt,present_only,449,0.33407572383073497,0.19998903114559816,0.22224111928149906,0.010653620898612215,0
19,extreme,corrupt,last_observation,449,0.5634743875278396,0.3856428345703189,0.22663587868104856,0.2399507611088903,0
19,extreme,corrupt,decayed_material_memory,449,0.7839643652561247,0.475052317661244,0.10539698920367666,0.0919038549376638,0
19,extreme,corrupt,contour_material_memory,449,0.7951002227171492,0.43642533379506504,0.10700691897070602,0.15054333615437662,0
19,extreme,corrupt,shuffled_memory_control,449,0.31403118040089084,0.18404234563776165,0.32717104872198843,0.38231124401921296,0
19,extreme,corrupt,oracle,449,1,1,0,0,0
20,standard,clean,present_only,246,0.3252032520325203,0.19993057136957962,0.22232014195447586,0.015384343179665416,0
20,standard,clean,last_observation,246,0.6585365853658537,0.508913554068911,0.12201502328582611,0.060006900395445734,0
20,standard,clean,decayed_material_memory,246,0.9878048780487805,0.8614701867385742,0.012667172000102218,0.05957221929937032,0
20,standard,clean,contour_material_memory,246,0.9878048780487805,0.7535189440652369,0.01735248743193644,0.13074218505984753,0
20,standard,clean,shuffled_memory_control,246,0.3252032520325203,0.19302681362610064,0.4140052376410512,0.6030294067168893,0
20,standard,clean,oracle,246,1,1,0,0,0
20,standard,corrupt,present_only,246,0.3252032520325203,0.19993057136957962,0.22232014195447586,0.015384343179665416,0
20,standard,corrupt,last_observation,246,0.47560975609756095,0.2863139090637696,0.23750385814045374,0.1840415085326048,0
20,standard,corrupt,decayed_material_memory,246,0.8008130081300813,0.4598997867113936,0.10338240745174265,0.138225864841624,0
20,standard,corrupt,contour_material_memory,246,0.8130081300813008,0.42598749112424544,0.10611500508912863,0.19198183267657948,0
20,standard,corrupt,shuffled_memory_control,246,0.34552845528455284,0.20498209661773,0.29667053887544237,0.3392657499163304,0
20,standard,corrupt,oracle,246,1,1,0,0,0
20,hard,clean,present_only,387,0.31007751937984496,0.1991691230592381,0.22350970008438617,0.05569956068295118,0
20,hard,clean,last_observation,387,0.4186046511627907,0.2880974785721032,0.18685300656959966,0.061889752919654324,0
20,hard,clean,decayed_material_memory,387,0.9405684754521964,0.8183568487717251,0.022535354278425856,0.05090969408449718,0
20,hard,clean,contour_material_memory,387,0.9664082687338501,0.7228896376039821,0.026226460162842226,0.12224771310142324,0
20,hard,clean,shuffled_memory_control,387,0.3798449612403101,0.22958783876694158,0.3735866713565265,0.5277421061895741,0
20,hard,clean,oracle,387,1,1,0,0,0
20,hard,corrupt,present_only,387,0.31007751937984496,0.1991691230592381,0.22350970008438617,0.05569956068295118,0
20,hard,corrupt,last_observation,387,0.5038759689922481,0.3422157476031269,0.21443377589557056,0.17491552375273278,0
20,hard,corrupt,decayed_material_memory,387,0.8113695090439277,0.48157666332334975,0.10535252823616766,0.1123502954354352,0
20,hard,corrupt,contour_material_memory,387,0.8294573643410853,0.44573946193425185,0.10591292265570715,0.17080962894380353,0
20,hard,corrupt,shuffled_memory_control,387,0.32299741602067183,0.19685581873957955,0.31959793765346706,0.38328373754087264,0
20,hard,corrupt,oracle,387,1,1,0,0,0
20,extreme,clean,present_only,507,0.3333333333333333,0.1999606955354888,0.22231245959586235,0.006717044500420544,0
20,extreme,clean,last_observation,507,0.6272189349112426,0.4370940197485802,0.13709949557717005,0.035040913359069455,0
20,extreme,clean,decayed_material_memory,507,0.9901380670611439,0.8449267310468539,0.01570518429187845,0.07153963225217191,0
20,extreme,clean,contour_material_memory,507,0.9921104536489151,0.7382587013966946,0.020392318512158464,0.1405952255522377,0
20,extreme,clean,shuffled_memory_control,507,0.33136094674556216,0.19800728396521353,0.4061481276960273,0.5872374880634098,0
20,extreme,clean,oracle,507,1,1,0,0,0
20,extreme,corrupt,present_only,507,0.3333333333333333,0.1999606955354888,0.22231245959586235,0.006717044500420544,0
20,extreme,corrupt,last_observation,507,0.45956607495069035,0.31033689003706577,0.23002840579248018,0.1811714088404646,0
20,extreme,corrupt,decayed_material_memory,507,0.834319526627219,0.47049780260100454,0.10135085281904209,0.1577241987698735,0
20,extreme,corrupt,contour_material_memory,507,0.8461538461538461,0.4334424378020875,0.1041094372865198,0.20993648796405365,0
20,extreme,corrupt,shuffled_memory_control,507,0.3254437869822485,0.19825800034671334,0.30746501506856544,0.35542160592181166,0
20,extreme,corrupt,oracle,507,1,1,0,0,0
21,standard,clean,present_only,244,0.28688524590163933,0.19909353020706722,0.22291317122478632,0.057449187541706026,0
21,standard,clean,last_observation,244,0.3770491803278688,0.24966885210588133,0.20262183660339853,0.042525564031813304,0
21,standard,clean,decayed_material_memory,244,1,0.8635060911826544,0.011437841329451583,0.07284635005164518,0
21,standard,clean,contour_material_memory,244,1,0.7556061150392243,0.016546418500025906,0.13843853099540288,0
21,standard,clean,shuffled_memory_control,244,0.3155737704918033,0.1853139607280954,0.41995279944096087,0.6115798794565513,0
21,standard,clean,oracle,244,1,1,0,0,0
21,standard,corrupt,present_only,244,0.28688524590163933,0.19909353020706722,0.22291317122478632,0.057449187541706026,0
21,standard,corrupt,last_observation,244,0.36065573770491804,0.23929407876964445,0.22096987963508163,0.08579054626774162,0
21,standard,corrupt,decayed_material_memory,244,0.7540983606557377,0.48569058113341995,0.12128445257121032,0.08134264616406038,0
21,standard,corrupt,contour_material_memory,244,0.7786885245901639,0.4474465444990367,0.11691372419022829,0.1029446139132063,0
21,standard,corrupt,shuffled_memory_control,244,0.38934426229508196,0.21679692070766296,0.31953950225185823,0.3467987628162885,0
21,standard,corrupt,oracle,244,1,1,0,0,0
21,hard,clean,present_only,383,0.3028720626631854,0.19839196083302169,0.22475239836820993,0.06638308789148967,0
21,hard,clean,last_observation,383,0.5091383812010444,0.34784831668393873,0.16826082020007033,0.05115176291931677,0
21,hard,clean,decayed_material_memory,383,0.9947780678851175,0.8619677009121961,0.011741800066316522,0.07017644198853949,0
21,hard,clean,contour_material_memory,383,0.9973890339425587,0.7535436557029266,0.016842041123603296,0.13943049533197488,0
21,hard,clean,shuffled_memory_control,383,0.3733681462140992,0.2300667060195433,0.37954845478225635,0.556455411797361,0
21,hard,clean,oracle,383,1,1,0,0,0
21,hard,corrupt,present_only,383,0.3028720626631854,0.19839196083302169,0.22475239836820993,0.06638308789148967,0
21,hard,corrupt,last_observation,383,0.4360313315926893,0.30502379308035804,0.2194007051859584,0.1769581210975159,0
21,hard,corrupt,decayed_material_memory,383,0.8302872062663186,0.4846961380676893,0.09913133027504549,0.1337489376855986,0
21,hard,corrupt,contour_material_memory,383,0.8381201044386423,0.4467028043761699,0.10076998612064726,0.18783682692769343,0
21,hard,corrupt,shuffled_memory_control,383,0.32114882506527415,0.19505462649628255,0.31643213983849233,0.37601765923154623,0
21,hard,corrupt,oracle,383,1,1,0,0,0
21,extreme,clean,present_only,502,0.3147410358565737,0.1985897230171283,0.22485214264266845,0.06439382419432071,0
21,extreme,clean,last_observation,502,0.7270916334661355,0.5557817751324698,0.10420227766448084,0.03049886966130395,0
21,extreme,clean,decayed_material_memory,502,0.9920318725099602,0.8705844919613582,0.010953203611941771,0.06204089856376204,0
21,extreme,clean,contour_material_memory,502,0.9940239043824701,0.7621276011534223,0.015693195100708688,0.13002832485286211,0
21,extreme,clean,shuffled_memory_control,502,0.3426294820717131,0.20461038571108545,0.40486051859619754,0.591345555619503,0
21,extreme,clean,oracle,502,1,1,0,0,0
21,extreme,corrupt,present_only,502,0.3147410358565737,0.1985897230171283,0.22485214264266845,0.06439382419432071,0
21,extreme,corrupt,last_observation,502,0.5956175298804781,0.43190892955728377,0.23439503236183906,0.320281216102511,0
21,extreme,corrupt,decayed_material_memory,502,0.8366533864541833,0.46230008025736397,0.10349672861176747,0.1837362738769338,0
21,extreme,corrupt,contour_material_memory,502,0.848605577689243,0.42718200936573,0.1058454821306149,0.22607226660985705,0
21,extreme,corrupt,shuffled_memory_control,502,0.3386454183266932,0.20113775196272954,0.30202809317916535,0.33995362493038866,0
21,extreme,corrupt,oracle,502,1,1,0,0,0
22,standard,clean,present_only,253,0.2964426877470356,0.19901527793346765,0.223397564243604,0.05880651691892591,0
22,standard,clean,last_observation,253,0.8300395256916996,0.7050548230847741,0.07167463277487142,0.04508779062700406,0
22,standard,clean,decayed_material_memory,253,1,0.8734686752152733,0.009849794808051576,0.06733119589489635,0
22,standard,clean,contour_material_memory,253,1,0.7599411089308843,0.015216899709392608,0.13607093231679832,0
22,standard,clean,shuffled_memory_control,253,0.31225296442687744,0.18536889060817993,0.4223166446357949,0.6204158396782253,0
22,standard,clean,oracle,253,1,1,0,0,0
22,standard,corrupt,present_only,253,0.2964426877470356,0.19901527793346765,0.223397564243604,0.05880651691892591,0
22,standard,corrupt,last_observation,253,0.3438735177865613,0.22641830056288295,0.22385756069386617,0.08527992824179934,0
22,standard,corrupt,decayed_material_memory,253,0.7707509881422925,0.4826913515207396,0.10919959828252851,0.08346694682215317,0
22,standard,corrupt,contour_material_memory,253,0.7865612648221344,0.44264580888810695,0.10830608028864017,0.13947863378016795,0
22,standard,corrupt,shuffled_memory_control,253,0.41106719367588934,0.2430280126948006,0.282819927999495,0.29999577019818235,0
22,standard,corrupt,oracle,253,1,1,0,0,0
22,hard,clean,present_only,398,0.32160804020100503,0.19907083631941344,0.22386752068586718,0.04439502258612915,0
22,hard,clean,last_observation,398,0.5175879396984925,0.3650827595127775,0.1620327025932068,0.05868546407381316,0
22,hard,clean,decayed_material_memory,398,0.9949748743718593,0.8703274602049281,0.01055085653067075,0.06382205344112318,0
22,hard,clean,contour_material_memory,398,0.9974874371859297,0.7580271869482486,0.015656731515848336,0.1348866457729484,0
22,hard,clean,shuffled_memory_control,398,0.3592964824120603,0.2180621805672501,0.39233744423996686,0.5718563385186727,0
22,hard,clean,oracle,398,1,1,0,0,0
22,hard,corrupt,present_only,398,0.32160804020100503,0.19907083631941344,0.22386752068586718,0.04439502258612915,0
22,hard,corrupt,last_observation,398,0.5150753768844221,0.3360506949862952,0.23533099584287503,0.2109359969833856,0
22,hard,corrupt,decayed_material_memory,398,0.8190954773869347,0.4807151877692076,0.0992776518413018,0.1387259471816099,0
22,hard,corrupt,contour_material_memory,398,0.8341708542713567,0.44231687419446963,0.10157597661226815,0.19687496971135277,0
22,hard,corrupt,shuffled_memory_control,398,0.314070351758794,0.18462773561017887,0.32443125147347435,0.37218252827367587,0
22,hard,corrupt,oracle,398,1,1,0,0,0
22,extreme,clean,present_only,521,0.30902111324376197,0.19897083495806753,0.22374821813625578,0.05215824793559842,0
22,extreme,clean,last_observation,521,0.8080614203454894,0.6639197564079491,0.08200672925002866,0.04716878805170562,0
22,extreme,clean,decayed_material_memory,521,0.9654510556621881,0.8472936021767402,0.019048480134719614,0.038936939175034546,0
22,extreme,clean,contour_material_memory,521,0.9712092130518234,0.7425178137053091,0.022801699475019702,0.11256580330256451,0
22,extreme,clean,shuffled_memory_control,521,0.31285988483685223,0.18241317131965684,0.4247000078409704,0.6136542316503011,0
22,extreme,clean,oracle,521,1,1,0,0,0
22,extreme,corrupt,present_only,521,0.30902111324376197,0.19897083495806753,0.22374821813625578,0.05215824793559842,0
22,extreme,corrupt,last_observation,521,0.46833013435700577,0.33107373573108917,0.2240610148291002,0.21164647460232947,0
22,extreme,corrupt,decayed_material_memory,521,0.8061420345489443,0.47531766513616214,0.10819798371630943,0.12117596489018026,0
22,extreme,corrupt,contour_material_memory,521,0.8138195777351248,0.43915622591018755,0.10810463359968729,0.15783038243551492,0
22,extreme,corrupt,shuffled_memory_control,521,0.32629558541266795,0.20511293288612728,0.3107239718186579,0.3763034596952017,0
22,extreme,corrupt,oracle,521,1,1,0,0,0
23,standard,clean,present_only,242,0.3140495867768595,0.19941916110572344,0.22307453023803178,0.03556195595344119,0
23,standard,clean,last_observation,242,0.9338842975206612,0.8762452107279692,0.0440771349862259,0.06611570247933884,0
23,standard,clean,decayed_material_memory,242,0.9958677685950413,0.8799895174532303,0.010019921597240211,0.06266067442486781,0
23,standard,clean,contour_material_memory,242,0.9958677685950413,0.76762427643407,0.014892547159424233,0.13033928422837968,0
23,standard,clean,shuffled_memory_control,242,0.3512396694214876,0.21738234063062434,0.39545587864947807,0.5902318875586027,0
23,standard,clean,oracle,242,1,1,0,0,0
23,standard,corrupt,present_only,242,0.3140495867768595,0.19941916110572344,0.22307453023803178,0.03556195595344119,0
23,standard,corrupt,last_observation,242,0.5867768595041323,0.4133920173161089,0.2744953104185791,0.41033378890305533,0
23,standard,corrupt,decayed_material_memory,242,0.7727272727272727,0.4611760074291655,0.1143661066933674,0.12473794213978667,0
23,standard,corrupt,contour_material_memory,242,0.7851239669421488,0.42602855538377504,0.11392026947563494,0.1710622833132269,0
23,standard,corrupt,shuffled_memory_control,242,0.43388429752066116,0.24613178068954208,0.27151195381291193,0.25830922666143247,0
23,standard,corrupt,oracle,242,1,1,0,0,0
23,hard,clean,present_only,380,0.32105263157894737,0.19966473040240185,0.22280515368420895,0.035747368421055414,0
23,hard,clean,last_observation,380,0.3815789473684211,0.25228890353243616,0.2029897117192971,0.053082105263160644,0
23,hard,clean,decayed_material_memory,380,1,0.853870972053964,0.012654832103909589,0.07888998546205533,0
23,hard,clean,contour_material_memory,380,1,0.7463138682436501,0.017722556549913258,0.1453143059084127,0
23,hard,clean,shuffled_memory_control,380,0.29736842105263156,0.1773061683063432,0.42625629520630315,0.6237415934853123,0
23,hard,clean,oracle,380,1,1,0,0,0
23,hard,corrupt,present_only,380,0.32105263157894737,0.19966473040240185,0.22280515368420895,0.035747368421055414,0
23,hard,corrupt,last_observation,380,0.5184210526315789,0.34943860125197407,0.21435502484210445,0.17182736842105262,0
23,hard,corrupt,decayed_material_memory,380,0.7736842105263158,0.48264358280815917,0.11525979088822963,0.07476605894630992,0
23,hard,corrupt,contour_material_memory,380,0.7842105263157895,0.4444518842234129,0.11246881253729644,0.10392321784514282,0
23,hard,corrupt,shuffled_memory_control,380,0.3026315789473684,0.19092253570657916,0.33555389342118364,0.4315728206514287,0
23,hard,corrupt,oracle,380,1,1,0,0,0
23,extreme,clean,present_only,498,0.3192771084337349,0.19867884222429147,0.22483170899045699,0.07403908693901834,0
23,extreme,clean,last_observation,498,0.5120481927710844,0.3485299423792409,0.16775705063166774,0.06400408833276469,0
23,extreme,clean,decayed_material_memory,498,0.9919678714859438,0.865014212938258,0.01217443182464874,0.06354604602709402,0
23,extreme,clean,contour_material_memory,498,0.9919678714859438,0.7564776924972479,0.016930051601437603,0.12987241348284279,0
23,extreme,clean,shuffled_memory_control,498,0.3433734939759036,0.20767449830026993,0.40112696334379094,0.5850483314829461,0
23,extreme,clean,oracle,498,1,1,0,0,0
23,extreme,corrupt,present_only,498,0.3192771084337349,0.19867884222429147,0.22483170899045699,0.07403908693901834,0
23,extreme,corrupt,last_observation,498,0.41767068273092367,0.2707418672996286,0.22492918168312998,0.14863567380060022,0
23,extreme,corrupt,decayed_material_memory,498,0.785140562248996,0.4867973113445372,0.10617983904495663,0.11315761918522403,0
23,extreme,corrupt,contour_material_memory,498,0.7931726907630522,0.4472934387995499,0.10592286791729227,0.1624862886920857,0
23,extreme,corrupt,shuffled_memory_control,498,0.3132530120481928,0.19701045875165882,0.3230717701628388,0.3970523468097399,0
23,extreme,corrupt,oracle,498,1,1,0,0,0
24,standard,clean,present_only,221,0.37104072398190047,0.19977018685828918,0.2221204669435919,0.033647301326603096,0
24,standard,clean,last_observation,221,0.5927601809954751,0.37261377610790575,0.15945990350811448,0.06975270198025829,0
24,standard,clean,decayed_material_memory,221,0.9909502262443439,0.8638306964413376,0.013560263579069172,0.059055898673122435,0
24,standard,clean,contour_material_memory,221,0.995475113122172,0.7559940034849961,0.017714817811213597,0.13069361231965165,0
24,standard,clean,shuffled_memory_control,221,0.3574660633484163,0.21485964768537355,0.39520965236187006,0.5744282642228079,0
24,standard,clean,oracle,221,1,1,0,0,0
24,standard,corrupt,present_only,221,0.37104072398190047,0.19977018685828918,0.2221204669435919,0.033647301326603096,0
24,standard,corrupt,last_observation,221,0.37104072398190047,0.19977018685828918,0.2221204669435919,0.033647301326603096,0
24,standard,corrupt,decayed_material_memory,221,0.7737556561085973,0.4654558219468257,0.11053673865633044,0.07695180884475669,0
24,standard,corrupt,contour_material_memory,221,0.7828054298642534,0.43175805070319834,0.11041294873923203,0.13192829557541663,0
24,standard,corrupt,shuffled_memory_control,221,0.334841628959276,0.2050702527471179,0.3067476356627677,0.36196221830456465,0
24,standard,corrupt,oracle,221,1,1,0,0,0
24,hard,clean,present_only,347,0.33429394812680113,0.19974095720146823,0.2228351868800794,0.03301712392943795,0
24,hard,clean,last_observation,347,0.4553314121037464,0.2724579707115083,0.19544595877390303,0.01473336608540183,0
24,hard,clean,decayed_material_memory,347,0.9855907780979827,0.8522013639089624,0.014443232839839816,0.06296401435627426,0
24,hard,clean,contour_material_memory,347,0.9884726224783862,0.7454643894365817,0.01906676442964568,0.13281197289496768,0
24,hard,clean,shuffled_memory_control,347,0.33429394812680113,0.2020497303941037,0.40400343757387147,0.5883328156149067,0
24,hard,clean,oracle,347,1,1,0,0,0
24,hard,corrupt,present_only,347,0.33429394812680113,0.19974095720146823,0.2228351868800794,0.03301712392943795,0
24,hard,corrupt,last_observation,347,0.47262247838616717,0.30804465294589795,0.22770288021042667,0.17000855943234253,0
24,hard,corrupt,decayed_material_memory,347,0.8040345821325648,0.45933895773948735,0.10940491389968965,0.13321741725201522,0
24,hard,corrupt,contour_material_memory,347,0.8213256484149856,0.42428515214314794,0.11082635854464659,0.18813027638113203,0
24,hard,corrupt,shuffled_memory_control,347,0.3515850144092219,0.20621441258992826,0.30088566863233557,0.338492399308289,0
24,hard,corrupt,oracle,347,1,1,0,0,0
24,extreme,clean,present_only,454,0.3502202643171806,0.1998364345170107,0.22240502475880178,0.00374139107774335,0
24,extreme,clean,last_observation,454,0.6145374449339207,0.42044898957850907,0.14192179779260944,0.032679779115220825,0
24,extreme,clean,decayed_material_memory,454,0.9955947136563876,0.8509897871552333,0.013188362076410297,0.07542110270693324,0
24,extreme,clean,contour_material_memory,454,0.9955947136563876,0.7422183746759102,0.01843065857009246,0.1430263397104639,0
24,extreme,clean,shuffled_memory_control,454,0.30176211453744495,0.17946542638047694,0.42341366600504227,0.6292029086099934,0
24,extreme,clean,oracle,454,1,1,0,0,0
24,extreme,corrupt,present_only,454,0.3502202643171806,0.1998364345170107,0.22240502475880178,0.00374139107774335,0
24,extreme,corrupt,last_observation,454,0.5484581497797357,0.3853293373121361,0.2147513444090345,0.21402866538437645,0
24,extreme,corrupt,decayed_material_memory,454,0.8171806167400881,0.47338938889201293,0.10144698294793215,0.13395040565401234,0
24,extreme,corrupt,contour_material_memory,454,0.8303964757709251,0.4358339546373629,0.10387588616079242,0.19264923511661036,0
24,extreme,corrupt,shuffled_memory_control,454,0.3458149779735683,0.21066418664765765,0.2975599097673896,0.3374152331125075,0
24,extreme,corrupt,oracle,454,1,1,0,0,0
25,standard,clean,present_only,205,0.3024390243902439,0.19838122453187493,0.2237801682202355,0.05088561706998962,0
25,standard,clean,last_observation,205,0.7365853658536585,0.6134272205103682,0.08648122133766246,0.05206219989188146,0
25,standard,clean,decayed_material_memory,205,1,0.8880298488075873,0.007341774928040937,0.05869640493162591,0
25,standard,clean,contour_material_memory,205,1,0.768250428347566,0.012918050945864372,0.13011516985063654,0
25,standard,clean,shuffled_memory_control,205,0.3073170731707317,0.18285922066639335,0.4277142682985727,0.6339865218976424,0
25,standard,clean,oracle,205,1,1,0,0,0
25,standard,corrupt,present_only,205,0.3024390243902439,0.19838122453187493,0.2237801682202355,0.05088561706998962,0
25,standard,corrupt,last_observation,205,0.5170731707317073,0.3409260633541415,0.22896032226404117,0.19586606035551848,0
25,standard,corrupt,decayed_material_memory,205,0.7560975609756098,0.46208872538148765,0.11273691650413166,0.09576721384465992,0
25,standard,corrupt,contour_material_memory,205,0.7951219512195122,0.42451950856716286,0.11311716617347735,0.15013704676839695,0
25,standard,corrupt,shuffled_memory_control,205,0.33170731707317075,0.2017174528939161,0.30938692782787697,0.37102873993258106,0
25,standard,corrupt,oracle,205,1,1,0,0,0
25,hard,clean,present_only,323,0.3281733746130031,0.19993469868815528,0.22234517066780923,0.016459393748577744,0
25,hard,clean,last_observation,323,0.5294117647058824,0.38002053841490113,0.159113215523526,0.05667208899616985,0
25,hard,clean,decayed_material_memory,323,0.9876160990712074,0.8672801137311178,0.012639307796065646,0.05601569625709045,0
25,hard,clean,contour_material_memory,323,0.9938080495356038,0.7523462615758761,0.017697493829039224,0.1333435520465187,0
25,hard,clean,shuffled_memory_control,323,0.3126934984520124,0.18992885555044184,0.4192348174530737,0.6189069043621058,0
25,hard,clean,oracle,323,1,1,0,0,0
25,hard,corrupt,present_only,323,0.3281733746130031,0.19993469868815528,0.22234517066780923,0.016459393748577744,0
25,hard,corrupt,last_observation,323,0.5944272445820433,0.4075661674822885,0.23294544072323667,0.2917038358608386,0
25,hard,corrupt,decayed_material_memory,323,0.7616099071207431,0.46036371810177174,0.11847991096741005,0.08947344459889908,0
25,hard,corrupt,contour_material_memory,323,0.7801857585139319,0.42350519268450565,0.11728485449256505,0.1356621963360748,0
25,hard,corrupt,shuffled_memory_control,323,0.33436532507739936,0.19636145275127037,0.3199890833625867,0.3717097498718209,0
25,hard,corrupt,oracle,323,1,1,0,0,0
25,extreme,clean,present_only,423,0.31678486997635935,0.19875141451232312,0.22458799304846366,0.06690093062787067,0
25,extreme,clean,last_observation,423,0.7541371158392435,0.6219519857360972,0.09177805522288263,0.06810796140358372,0
25,extreme,clean,decayed_material_memory,423,0.9952718676122931,0.8739201022992368,0.01013470254182007,0.062142710574312005,0
25,extreme,clean,contour_material_memory,423,0.9976359338061466,0.7567020745645948,0.01567560838973301,0.13827651487354967,0
25,extreme,clean,shuffled_memory_control,423,0.3262411347517731,0.19893539733118326,0.41082605427336005,0.6068880222862071,0
25,extreme,clean,oracle,423,1,1,0,0,0
25,extreme,corrupt,present_only,423,0.31678486997635935,0.19875141451232312,0.22458799304846366,0.06690093062787067,0
25,extreme,corrupt,last_observation,423,0.5319148936170213,0.36809574717329957,0.22548462968576588,0.23787791133680392,0
25,extreme,corrupt,decayed_material_memory,423,0.8108747044917257,0.476286220907237,0.10325576295433445,0.11782989041173265,0
25,extreme,corrupt,contour_material_memory,423,0.8203309692671394,0.43697117746969805,0.10538409139381029,0.17424790776550178,0
25,extreme,corrupt,shuffled_memory_control,423,0.35697399527186763,0.21216574982306025,0.29989915606112755,0.34708819430212007,0
25,extreme,corrupt,oracle,423,1,1,0,0,0
26,standard,clean,present_only,233,0.33047210300429186,0.19999630196738008,0.22222558390444924,0.003626634079519353,0
26,standard,clean,last_observation,233,0.8969957081545065,0.7807917943693283,0.05240786533394177,0.05426154141803366,0
26,standard,clean,decayed_material_memory,233,1,0.8703178929834284,0.010691191774735065,0.06933694889110964,0
26,standard,clean,contour_material_memory,233,1,0.7570156601953828,0.015827640288513353,0.13829698474332708,0
26,standard,clean,shuffled_memory_control,233,0.30472103004291845,0.18191559630793686,0.42592647436751635,0.6259420210659716,0
26,standard,clean,oracle,233,1,1,0,0,0
26,standard,corrupt,present_only,233,0.33047210300429186,0.19999630196738008,0.22222558390444924,0.003626634079519353,0
26,standard,corrupt,last_observation,233,0.6695278969957081,0.5095830976896,0.21458571977492039,0.32189826700107915,0
26,standard,corrupt,decayed_material_memory,233,0.8154506437768241,0.478510499382629,0.10228189893499344,0.12734920925925886,0
26,standard,corrupt,contour_material_memory,233,0.8154506437768241,0.4392353341663043,0.10444624909791778,0.17467069409634312,0
26,standard,corrupt,shuffled_memory_control,233,0.33047210300429186,0.1947846453347545,0.3163496019467296,0.3576293315132736,0
26,standard,corrupt,oracle,233,1,1,0,0,0
26,hard,clean,present_only,367,0.31607629427792916,0.19894168446813662,0.22375564369756495,0.03715753656784032,0
26,hard,clean,last_observation,367,0.4904632152588556,0.32195325594978136,0.17694341444697764,0.028427345561022666,0
26,hard,clean,decayed_material_memory,367,0.8583106267029973,0.665186077119797,0.057760198838284954,0.05070265327148165,0
26,hard,clean,contour_material_memory,367,0.8583106267029973,0.5972533701333052,0.05975682367542952,0.10755584854290164,0
26,hard,clean,shuffled_memory_control,367,0.3133514986376022,0.18438159344092422,0.3824998741502691,0.49745499991293407,0
26,hard,clean,oracle,367,1,1,0,0,0
26,hard,corrupt,present_only,367,0.31607629427792916,0.19894168446813662,0.22375564369756495,0.03715753656784032,0
26,hard,corrupt,last_observation,367,0.5395095367847411,0.3894863289308541,0.23187852106579465,0.2807352881369718,0
26,hard,corrupt,decayed_material_memory,367,0.8092643051771117,0.4658857138024705,0.1053866984879226,0.12890823122831324,0
26,hard,corrupt,contour_material_memory,367,0.8228882833787466,0.42963568960541015,0.10758620435777148,0.18907923486265205,0
26,hard,corrupt,shuffled_memory_control,367,0.33787465940054495,0.20429979346328184,0.30280940452264615,0.34411542292549496,0
26,hard,corrupt,oracle,367,1,1,0,0,0
26,extreme,clean,present_only,480,0.3104166666666667,0.19818565125815482,0.22544365017382312,0.07950375773651908,0
26,extreme,clean,last_observation,480,0.5604166666666667,0.38952615167868565,0.1573887200282059,0.06463859416445772,0
26,extreme,clean,decayed_material_memory,480,0.9916666666666667,0.8529961767691913,0.012947747401938065,0.06968920615543822,0
26,extreme,clean,contour_material_memory,480,0.9958333333333333,0.745888513082008,0.01829160204454374,0.14050097633297648,0
26,extreme,clean,shuffled_memory_control,480,0.3416666666666667,0.210424041503103,0.39446166919966297,0.5803107938445605,0
26,extreme,clean,oracle,480,1,1,0,0,0
26,extreme,corrupt,present_only,480,0.3104166666666667,0.19818565125815482,0.22544365017382312,0.07950375773651908,0
26,extreme,corrupt,last_observation,480,0.4479166666666667,0.29987954762678076,0.23462486348473557,0.2076425729442984,0
26,extreme,corrupt,decayed_material_memory,480,0.79375,0.47567539560290734,0.1068726657830475,0.09825125284866142,0
26,extreme,corrupt,contour_material_memory,480,0.7958333333333333,0.43768430718180396,0.10751285637365252,0.15531376381159756,0
26,extreme,corrupt,shuffled_memory_control,480,0.33541666666666664,0.2083044745406549,0.3070267260332241,0.3673560095134566,0
26,extreme,corrupt,oracle,480,1,1,0,0,0
27,standard,clean,present_only,222,0.3333333333333333,0.1998748487932737,0.22237460092851377,0.023377670294234487,0
27,standard,clean,last_observation,222,0.8333333333333334,0.7190972893427295,0.07101065936559103,0.0565541357560705,0
27,standard,clean,decayed_material_memory,222,0.990990990990991,0.8653652683941014,0.012954353129328728,0.061718152903076036,0
27,standard,clean,contour_material_memory,222,0.990990990990991,0.7593208581300762,0.01702566698520191,0.13610039708473198,0
27,standard,clean,shuffled_memory_control,222,0.3153153153153153,0.1880421970042144,0.42039639915844046,0.6139575227726006,0
27,standard,clean,oracle,222,1,1,0,0,0
27,standard,corrupt,present_only,222,0.3333333333333333,0.1998748487932737,0.22237460092851377,0.023377670294234487,0
27,standard,corrupt,last_observation,222,0.5405405405405406,0.37837081057721406,0.22235584338375652,0.23343900127455158,0
27,standard,corrupt,decayed_material_memory,222,0.7342342342342343,0.4753684273222402,0.11794112141309551,0.038895232150726176,0
27,standard,corrupt,contour_material_memory,222,0.7477477477477478,0.4401781846570479,0.11502770132035296,0.07710669525111666,0
27,standard,corrupt,shuffled_memory_control,222,0.31981981981981983,0.177658572357152,0.34618280558922143,0.4094395509157372,0
27,standard,corrupt,oracle,222,1,1,0,0,0
27,hard,clean,present_only,349,0.32664756446991405,0.19975712300164325,0.2222944702049679,0.020647374448058586,0
27,hard,clean,last_observation,349,0.8194842406876791,0.7143229184103889,0.0709038782042831,0.06269220960410454,0
27,hard,clean,decayed_material_memory,349,1,0.8679496149574795,0.010176743961312821,0.07044486428299768,0
27,hard,clean,contour_material_memory,349,1,0.7574369180723912,0.015446779377034672,0.13764719440319848,0
27,hard,clean,shuffled_memory_control,349,0.335243553008596,0.20269465140947093,0.4050536313241782,0.5943115827084069,0
27,hard,clean,oracle,349,1,1,0,0,0
27,hard,corrupt,present_only,349,0.32664756446991405,0.19975712300164325,0.2222944702049679,0.020647374448058586,0
27,hard,corrupt,last_observation,349,0.5329512893982808,0.35183473068904786,0.22070893591971882,0.18959680363241757,0
27,hard,corrupt,decayed_material_memory,349,0.7965616045845272,0.47711580065713033,0.10623326994498328,0.10591532781877741,0
27,hard,corrupt,contour_material_memory,349,0.8051575931232091,0.4393127541978948,0.10684720154639447,0.15396122822209557,0
27,hard,corrupt,shuffled_memory_control,349,0.32664756446991405,0.19938053597142813,0.31520927484900696,0.3747788516560927,0
27,hard,corrupt,oracle,349,1,1,0,0,0
27,extreme,clean,present_only,456,0.34649122807017546,0.19995054645961127,0.22243446298051353,0.007269217612274836,0
27,extreme,clean,last_observation,456,0.6491228070175439,0.4932314442718481,0.12220018593697028,0.04901529589991751,0
27,extreme,clean,decayed_material_memory,456,0.9890350877192983,0.8508174289350418,0.013186099673774548,0.06801403280502955,0
27,extreme,clean,contour_material_memory,456,0.9890350877192983,0.741278074055875,0.018717759126708103,0.13560791101611108,0
27,extreme,clean,shuffled_memory_control,456,0.29605263157894735,0.17804215049247585,0.42449034272579206,0.6256605107384832,0
27,extreme,clean,oracle,456,1,1,0,0,0
27,extreme,corrupt,present_only,456,0.34649122807017546,0.19995054645961127,0.22243446298051353,0.007269217612274836,0
27,extreme,corrupt,last_observation,456,0.5745614035087719,0.39045159461141915,0.22069378248242125,0.23025704930850785,0
27,extreme,corrupt,decayed_material_memory,456,0.8223684210526315,0.48722011597423537,0.10669986154632081,0.1372086024761051,0
27,extreme,corrupt,contour_material_memory,456,0.831140350877193,0.4469109621701562,0.10687897577723093,0.16091724759794224,0
27,extreme,corrupt,shuffled_memory_control,456,0.2982456140350877,0.18579918275561105,0.3344459407501634,0.4228188001504784,0
27,extreme,corrupt,oracle,456,1,1,0,0,0
28,standard,clean,present_only,200,0.295,0.19918883953673014,0.22254132696725334,0.04459731543624201,0
28,standard,clean,last_observation,200,0.345,0.23832271831254848,0.20809788748254557,0.05733557046979933,0
28,standard,clean,decayed_material_memory,200,1,0.862941733855011,0.01022069946151467,0.07279778191291932,0
28,standard,clean,contour_material_memory,200,1,0.753127346246257,0.015724832647907715,0.13987043668363464,0
28,standard,clean,shuffled_memory_control,200,0.405,0.24668621219247752,0.3644879660917706,0.5222022180870804,0
28,standard,clean,oracle,200,1,1,0,0,0
28,standard,corrupt,present_only,200,0.295,0.19918883953673014,0.22254132696725334,0.04459731543624201,0
28,standard,corrupt,last_observation,200,0.475,0.3341297884910448,0.2557445880816179,0.30046308724832205,0
28,standard,corrupt,decayed_material_memory,200,0.83,0.47055900837810977,0.10056421450433793,0.14639103821810018,0
28,standard,corrupt,contour_material_memory,200,0.85,0.4336500441667322,0.1031230761947736,0.21197149559434014,0
28,standard,corrupt,shuffled_memory_control,200,0.305,0.18896754050648026,0.3146593405025731,0.38318441285330274,0
28,standard,corrupt,oracle,200,1,1,0,0,0
28,hard,clean,present_only,314,0.29936305732484075,0.19899367174939053,0.2234809831028168,0.06233907033473185,0
28,hard,clean,last_observation,314,0.7993630573248408,0.6749159358466703,0.07642728273337954,0.05021005556308426,0
28,hard,clean,decayed_material_memory,314,0.9872611464968153,0.8648926976598151,0.012014540645241788,0.058509202307627836,0
28,hard,clean,contour_material_memory,314,0.9840764331210191,0.7511910911124308,0.01739508628024353,0.13134134608744857,0
28,hard,clean,shuffled_memory_control,314,0.3184713375796178,0.1940021247742001,0.41225189056309963,0.6102806066095701,0
28,hard,clean,oracle,314,1,1,0,0,0
28,hard,corrupt,present_only,314,0.29936305732484075,0.19899367174939053,0.2234809831028168,0.06233907033473185,0
28,hard,corrupt,last_observation,314,0.42356687898089174,0.30851473758241615,0.22562249013784438,0.2125626778696304,0
28,hard,corrupt,decayed_material_memory,314,0.8152866242038217,0.4931664595041915,0.09896578022420448,0.11121995460753858,0
28,hard,corrupt,contour_material_memory,314,0.8280254777070064,0.45163493150645734,0.10078829385990215,0.1675137449350518,0
28,hard,corrupt,shuffled_memory_control,314,0.31210191082802546,0.20306743890943305,0.3139834404972645,0.3982210482578765,0
28,hard,corrupt,oracle,314,1,1,0,0,0
28,extreme,clean,present_only,411,0.3309002433090024,0.1991562579253865,0.22416056598418957,0.062288611180160214,0
28,extreme,clean,last_observation,411,0.7493917274939172,0.6300261470084827,0.09237946552462471,0.08820139657860815,0
28,extreme,clean,decayed_material_memory,411,0.9854014598540146,0.8562419018514461,0.01398524201019289,0.05934745739556881,0
28,extreme,clean,contour_material_memory,411,0.9878345498783455,0.7444307274774026,0.01903931893551726,0.13217339804344497,0
28,extreme,clean,shuffled_memory_control,411,0.30413625304136255,0.1816572459184518,0.42410510991638617,0.6226925714978417,0
28,extreme,clean,oracle,411,1,1,0,0,0
28,extreme,corrupt,present_only,411,0.3309002433090024,0.1991562579253865,0.22416056598418957,0.062288611180160214,0
28,extreme,corrupt,last_observation,411,0.5060827250608273,0.3327033826087651,0.22919178324275602,0.20601417670410427,0
28,extreme,corrupt,decayed_material_memory,411,0.8029197080291971,0.4896046962680116,0.10380854536801912,0.1074095360051733,0
28,extreme,corrupt,contour_material_memory,411,0.8223844282238443,0.4481595736714832,0.10471981916163006,0.15966554699006144,0
28,extreme,corrupt,shuffled_memory_control,411,0.2944038929440389,0.17810024994655405,0.3404188438876629,0.4188321944744883,0
28,extreme,corrupt,oracle,411,1,1,0,0,0
29,standard,clean,present_only,249,0.3092369477911647,0.19861444310605547,0.2236247780522212,0.05136585091712198,0
29,standard,clean,last_observation,249,0.5461847389558233,0.351674276192141,0.16378139807917874,0.01998521535009883,0
29,standard,clean,decayed_material_memory,249,1,0.8539575887660691,0.012643539329257185,0.07780046885164436,0
29,standard,clean,contour_material_memory,249,1,0.7427470517891384,0.017878104017226993,0.14634610250062094,0
29,standard,clean,shuffled_memory_control,249,0.3333333333333333,0.20287916785040863,0.401491750332407,0.58886619781502,0
29,standard,clean,oracle,249,1,1,0,0,0
29,standard,corrupt,present_only,249,0.3092369477911647,0.19861444310605547,0.2236247780522212,0.05136585091712198,0
29,standard,corrupt,last_observation,249,0.3092369477911647,0.19861444310605547,0.2236247780522212,0.05136585091712198,0
29,standard,corrupt,decayed_material_memory,249,0.7791164658634538,0.4604726132789743,0.10647464288291592,0.11889651000628781,0
29,standard,corrupt,contour_material_memory,249,0.7871485943775101,0.422947019230691,0.10922972570002766,0.17157271717940187,0
29,standard,corrupt,shuffled_memory_control,249,0.26104417670682734,0.16636235246628106,0.33630381949180793,0.4201147575366278,0
29,standard,corrupt,oracle,249,1,1,0,0,0
29,hard,clean,present_only,392,0.3239795918367347,0.1995130844039813,0.22300661156326226,0.04149474719903451,0
29,hard,clean,last_observation,392,0.7219387755102041,0.5533312571645973,0.10931996350659116,0.04335147744945586,0
29,hard,clean,decayed_material_memory,392,0.9923469387755102,0.8670991450095068,0.011991228400218878,0.06173727205185484,0
29,hard,clean,contour_material_memory,392,0.9948979591836735,0.7560548229582859,0.01687011600124975,0.13258464092712474,0
29,hard,clean,shuffled_memory_control,392,0.3622448979591837,0.22239902856181917,0.3883294684262308,0.5683647687644728,0
29,hard,clean,oracle,392,1,1,0,0,0
29,hard,corrupt,present_only,392,0.3239795918367347,0.1995130844039813,0.22300661156326226,0.04149474719903451,0
29,hard,corrupt,last_observation,392,0.5127551020408163,0.347451235042808,0.2733884805079979,0.34318167391373355,0
29,hard,corrupt,decayed_material_memory,392,0.7780612244897959,0.4638055539777035,0.11100769428316488,0.10599604926804879,0
29,hard,corrupt,contour_material_memory,392,0.8112244897959183,0.4278032458830907,0.11136110295555049,0.17652403337342407,0
29,hard,corrupt,shuffled_memory_control,392,0.34438775510204084,0.1962471332714616,0.31428784019630457,0.3365005902591736,0
29,hard,corrupt,oracle,392,1,1,0,0,0
29,extreme,clean,present_only,513,0.33723196881091616,0.19979489080671384,0.22252263510931689,0.01937650999207874,0
29,extreme,clean,last_observation,513,0.7855750487329435,0.6770440838545081,0.07433748086491263,0.057653138109890846,0
29,extreme,clean,decayed_material_memory,513,0.9941520467836257,0.8780466160048693,0.009880676161420429,0.05776758716118571,0
29,extreme,clean,contour_material_memory,513,0.9941520467836257,0.7668316811825119,0.01463487629927137,0.12688081203201312,0
29,extreme,clean,shuffled_memory_control,513,0.341130604288499,0.20179074272527286,0.409274093843225,0.595664810245573,0
29,extreme,clean,oracle,513,1,1,0,0,0
29,extreme,corrupt,present_only,513,0.33723196881091616,0.19979489080671384,0.22252263510931689,0.01937650999207874,0
29,extreme,corrupt,last_observation,513,0.47953216374269003,0.3085875585089057,0.2249212346576899,0.15174053171165713,0
29,extreme,corrupt,decayed_material_memory,513,0.7563352826510721,0.44251617236180324,0.12622706493602398,0.12166450110893222,0
29,extreme,corrupt,contour_material_memory,513,0.7699805068226121,0.4123607834242868,0.12328299719787456,0.13264757712589517,0
29,extreme,corrupt,shuffled_memory_control,513,0.35282651072124754,0.202050970127135,0.3111076464348658,0.3463644869293429,0
29,extreme,corrupt,oracle,513,1,1,0,0,0
30,standard,clean,present_only,243,0.3333333333333333,0.199253748856935,0.22281937910968377,0.014732965009210008,0
30,standard,clean,last_observation,243,0.6172839506172839,0.42230614894191626,0.14109177373863083,0.03117113430188883,0
30,standard,clean,decayed_material_memory,243,0.9300411522633745,0.8221423413422181,0.02594314441556795,0.034809301205438535,0
30,standard,clean,contour_material_memory,243,0.9506172839506173,0.727149188553946,0.028291195906303856,0.1172418869761295,0
30,standard,clean,shuffled_memory_control,243,0.2839506172839506,0.1698148365801747,0.43302375422884776,0.6351544494711396,0
30,standard,clean,oracle,243,1,1,0,0,0
30,standard,corrupt,present_only,243,0.3333333333333333,0.199253748856935,0.22281937910968377,0.014732965009210008,0
30,standard,corrupt,last_observation,243,0.6131687242798354,0.4413070094888277,0.2578875171467764,0.3868312757201646,0
30,standard,corrupt,decayed_material_memory,243,0.8559670781893004,0.47039140985619693,0.09910031698377474,0.1815183820679379,0
30,standard,corrupt,contour_material_memory,243,0.8559670781893004,0.43525257325864547,0.10174545866773016,0.2235829335361777,0
30,standard,corrupt,shuffled_memory_control,243,0.35390946502057613,0.2068199153119692,0.297549414785445,0.3205392311007864,0
30,standard,corrupt,oracle,243,1,1,0,0,0
30,hard,clean,present_only,382,0.31675392670157065,0.19955943738706897,0.22288163834795685,0.0420977479395771,0
30,hard,clean,last_observation,382,0.7015706806282722,0.5489390829255242,0.11201926325050635,0.06177509456649745,0
30,hard,clean,decayed_material_memory,382,0.9921465968586387,0.8509739326838682,0.015444908361529711,0.07155626623586284,0
30,hard,clean,contour_material_memory,382,0.9947643979057592,0.7484017291477922,0.019414409490180307,0.13808602923251356,0
30,hard,clean,shuffled_memory_control,382,0.306282722513089,0.1921175742735969,0.4133185050165574,0.6143076081096869,0
30,hard,clean,oracle,382,1,1,0,0,0
30,hard,corrupt,present_only,382,0.31675392670157065,0.19955943738706897,0.22288163834795685,0.0420977479395771,0
30,hard,corrupt,last_observation,382,0.4293193717277487,0.26605550836760095,0.23950165752315106,0.1460457426288232,0
30,hard,corrupt,decayed_material_memory,382,0.8167539267015707,0.47905919975452554,0.09852741441346614,0.13706838554071668,0
30,hard,corrupt,contour_material_memory,382,0.8298429319371727,0.4428999300214233,0.10033082556054126,0.20869165592855624,0
30,hard,corrupt,shuffled_memory_control,382,0.337696335078534,0.200254754333876,0.307980754090156,0.3520160141956338,0
30,hard,corrupt,oracle,382,1,1,0,0,0
30,extreme,clean,present_only,500,0.31,0.19938001689205564,0.22312634445527382,0.04038363171355508,0
30,extreme,clean,last_observation,500,0.848,0.7248241174004546,0.07194373837603542,0.06004092071611251,0
30,extreme,clean,decayed_material_memory,500,0.99,0.8507190141884848,0.013906922439807694,0.07004532311154046,0
30,extreme,clean,contour_material_memory,500,0.99,0.7508639441957978,0.01834350215938377,0.134333724987312,0
30,extreme,clean,shuffled_memory_control,500,0.328,0.19976939036257313,0.40521366680321513,0.5934271718129929,0
30,extreme,clean,oracle,500,1,1,0,0,0
30,extreme,corrupt,present_only,500,0.31,0.19938001689205564,0.22312634445527382,0.04038363171355508,0
30,extreme,corrupt,last_observation,500,0.444,0.3025593597783452,0.22447689379321206,0.1688286445012788,0
30,extreme,corrupt,decayed_material_memory,500,0.844,0.48733623721013974,0.10270704604178502,0.15649071725842967,0
30,extreme,corrupt,contour_material_memory,500,0.842,0.4504961582820828,0.10238104202940906,0.18728158722168398,0
30,extreme,corrupt,shuffled_memory_control,500,0.318,0.1987166152922747,0.3186783596278599,0.3906386551816041,0
30,extreme,corrupt,oracle,500,1,1,0,0,0
31,standard,clean,present_only,210,0.3476190476190476,0.19998703222871517,0.22217551613955502,0.010871288336076423,0
31,standard,clean,last_observation,210,0.9095238095238095,0.8389655833583761,0.05611185185584205,0.08415950246936167,0
31,standard,clean,decayed_material_memory,210,0.9714285714285714,0.8531643540376987,0.015857740166996252,0.054467220727495984,0
31,standard,clean,contour_material_memory,210,0.9809523809523809,0.7405849656598223,0.020577654355043423,0.13690537421453466,0
31,standard,clean,shuffled_memory_control,210,0.32857142857142857,0.19559544968621756,0.4118603953125221,0.6164679111487876,0
31,standard,clean,oracle,210,1,1,0,0,0
31,standard,corrupt,present_only,210,0.3476190476190476,0.19998703222871517,0.22217551613955502,0.010871288336076423,0
31,standard,corrupt,last_observation,210,0.6523809523809524,0.48519244561319635,0.23174603174603176,0.3476190476190476,0
31,standard,corrupt,decayed_material_memory,210,0.8380952380952381,0.49296074746295476,0.09495724989560696,0.14554835069602867,0
31,standard,corrupt,contour_material_memory,210,0.8333333333333334,0.44992184862089557,0.09823821845723212,0.2133095367671511,0
31,standard,corrupt,shuffled_memory_control,210,0.319047619047619,0.18760706802620888,0.32450014185612724,0.381642125209696,0
31,standard,corrupt,oracle,210,1,1,0,0,0
31,hard,clean,present_only,329,0.3221884498480243,0.19985115442316093,0.22238255706955906,0.022194607242216113,0
31,hard,clean,last_observation,329,0.8206686930091185,0.7012770336825853,0.07571410094778895,0.05777315040274959,0
31,hard,clean,decayed_material_memory,329,1,0.872596059863162,0.011233890559248158,0.06783624904049318,0
31,hard,clean,contour_material_memory,329,1,0.7549132796458888,0.0165017836431083,0.1394501599658338,0
31,hard,clean,shuffled_memory_control,329,0.3130699088145897,0.18516058564125978,0.42429124840202825,0.6190938421449161,0
31,hard,clean,oracle,329,1,1,0,0,0
31,hard,corrupt,present_only,329,0.3221884498480243,0.19985115442316093,0.22238255706955906,0.022194607242216113,0
31,hard,corrupt,last_observation,329,0.3951367781155015,0.26702159599155306,0.24074697235766457,0.17642053882796857,0
31,hard,corrupt,decayed_material_memory,329,0.7598784194528876,0.4510370872988528,0.11303944565245187,0.09098566236084327,0
31,hard,corrupt,contour_material_memory,329,0.78419452887538,0.4150047142344934,0.11511518941291951,0.16474937549496482,0
31,hard,corrupt,shuffled_memory_control,329,0.3677811550151976,0.21427157207285466,0.29193861329738885,0.3074833542878235,0
31,hard,corrupt,oracle,329,1,1,0,0,0
31,extreme,clean,present_only,431,0.31786542923433875,0.19958541057316045,0.22281433683758767,0.033167019143243937,0
31,extreme,clean,last_observation,431,0.814385150812065,0.6624989768756835,0.07530596373972318,0.03545298373132402,0
31,extreme,clean,decayed_material_memory,431,0.9907192575406032,0.8657866088273102,0.012651218146086376,0.05974663539997659,0
31,extreme,clean,contour_material_memory,431,0.9930394431554525,0.7498410346096863,0.017998431825433488,0.1337072568299418,0
31,extreme,clean,shuffled_memory_control,431,0.3805104408352668,0.22978806783631353,0.3820227503802911,0.5504621813053621,0
31,extreme,clean,oracle,431,1,1,0,0,0
31,extreme,corrupt,present_only,431,0.31786542923433875,0.19958541057316045,0.22281433683758767,0.033167019143243937,0
31,extreme,corrupt,last_observation,431,0.5266821345707656,0.37225394387321714,0.22457921310656886,0.23842473769582956,0
31,extreme,corrupt,decayed_material_memory,431,0.7958236658932715,0.49175371948477303,0.1105390921163289,0.10562862806160231,0
31,extreme,corrupt,contour_material_memory,431,0.802784222737819,0.44915083541563244,0.10976677079232447,0.13131453718922909,0
31,extreme,corrupt,shuffled_memory_control,431,0.3480278422273782,0.20193752575863833,0.32605861247501733,0.38485969881752036,0
31,extreme,corrupt,oracle,431,1,1,0,0,0
32,standard,clean,present_only,223,0.3273542600896861,0.19934001084463923,0.22301864201792876,0.02849616210573047,0
32,standard,clean,last_observation,223,0.6905829596412556,0.5035157401867757,0.1173783965694298,0.03294801127296901,0
32,standard,clean,decayed_material_memory,223,0.9820627802690582,0.8582518051656679,0.012987402308712937,0.06765657087732123,0
32,standard,clean,contour_material_memory,223,0.9955156950672646,0.7516158300407162,0.017629043979426277,0.13669048793912209,0
32,standard,clean,shuffled_memory_control,223,0.3542600896860987,0.20825204083927387,0.3990009199496862,0.5780833394365811,0
32,standard,clean,oracle,223,1,1,0,0,0
32,standard,corrupt,present_only,223,0.3273542600896861,0.19934001084463923,0.22301864201792876,0.02849616210573047,0
32,standard,corrupt,last_observation,223,0.49327354260089684,0.3148478546705455,0.22897194118161784,0.1688511199943741,0
32,standard,corrupt,decayed_material_memory,223,0.8340807174887892,0.4582937233385845,0.11052037020090068,0.17079236633775743,0
32,standard,corrupt,contour_material_memory,223,0.8430493273542601,0.42489440749678015,0.11095695612929793,0.2063669275192958,0
32,standard,corrupt,shuffled_memory_control,223,0.336322869955157,0.19951226500005712,0.3076829379237363,0.344012580882156,0
32,standard,corrupt,oracle,223,1,1,0,0,0
32,hard,clean,present_only,350,0.3028571428571429,0.19928412549797017,0.22293621388063653,0.04670807453415954,0
32,hard,clean,last_observation,350,0.7114285714285714,0.5777190081447361,0.10460175209289771,0.07299875776397508,0
32,hard,clean,decayed_material_memory,350,0.9771428571428571,0.8680350129833894,0.013632476377146695,0.04889797542695816,0
32,hard,clean,contour_material_memory,350,0.9828571428571429,0.7553902865028844,0.017828312079315567,0.12149669315134234,0
32,hard,clean,shuffled_memory_control,350,0.32285714285714284,0.19419444713777056,0.41718457165108247,0.611170826397483,0
32,hard,clean,oracle,350,1,1,0,0,0
32,hard,corrupt,present_only,350,0.3028571428571429,0.19928412549797017,0.22293621388063653,0.04670807453415954,0
32,hard,corrupt,last_observation,350,0.6542857142857142,0.5024372334450717,0.20470177333693385,0.2992546583850932,0
32,hard,corrupt,decayed_material_memory,350,0.8142857142857143,0.47980089557317224,0.1042759066456333,0.1267967355152982,0
32,hard,corrupt,contour_material_memory,350,0.8314285714285714,0.44068863446594536,0.10540300120165708,0.1785344700688289,0
32,hard,corrupt,shuffled_memory_control,350,0.34285714285714286,0.20593954458500688,0.3092667927987493,0.3588539514767919,0
32,hard,corrupt,oracle,350,1,1,0,0,0
32,extreme,clean,present_only,458,0.3384279475982533,0.19914895275433844,0.22390827633137034,0.026474559365537442,0
32,extreme,clean,last_observation,458,0.7969432314410481,0.6717528035027241,0.08024718694101989,0.05745581491527883,0
32,extreme,clean,decayed_material_memory,458,0.9912663755458515,0.858949296195391,0.011794990567852666,0.06947226333463268,0
32,extreme,clean,contour_material_memory,458,0.9978165938864629,0.7452557531430744,0.017257808964891482,0.14333070760476332,0
32,extreme,clean,shuffled_memory_control,458,0.26419213973799127,0.16163265642544353,0.4422536952612626,0.6619687847003033,0
32,extreme,clean,oracle,458,1,1,0,0,0
32,extreme,corrupt,present_only,458,0.3384279475982533,0.19914895275433844,0.22390827633137034,0.026474559365537442,0
32,extreme,corrupt,last_observation,458,0.5393013100436681,0.3672682162924799,0.21443652131983215,0.190296918903796,0
32,extreme,corrupt,decayed_material_memory,458,0.8449781659388647,0.4887852258893434,0.09579543504136302,0.15675120397782655,0
32,extreme,corrupt,contour_material_memory,458,0.8558951965065502,0.4477121692223678,0.09894530398925726,0.21026533764002203,0
32,extreme,corrupt,shuffled_memory_control,458,0.35152838427947597,0.2153878689509913,0.29726937901655964,0.34049718365397647,0
32,extreme,corrupt,oracle,458,1,1,0,0,0
33,standard,clean,present_only,221,0.2986425339366516,0.19815205019915813,0.22444477239692254,0.07195284880939906,0
33,standard,clean,last_observation,221,0.6380090497737556,0.4541626584318579,0.13975724944458237,0.051560618639455054,0
33,standard,clean,decayed_material_memory,221,1,0.8645588978897623,0.010764963314620492,0.07205421207581737,0
33,standard,clean,contour_material_memory,221,1,0.7519252988885312,0.0159982459511214,0.1405618953996009,0
33,standard,clean,shuffled_memory_control,221,0.3438914027149321,0.19905493735660015,0.40603462135684387,0.5896252010237478,0
33,standard,clean,oracle,221,1,1,0,0,0
33,standard,corrupt,present_only,221,0.2986425339366516,0.19815205019915813,0.22444477239692254,0.07195284880939906,0
33,standard,corrupt,last_observation,221,0.6153846153846154,0.4577444351598295,0.21792871991398316,0.29917584381168116,0
33,standard,corrupt,decayed_material_memory,221,0.7873303167420814,0.4991689272913224,0.10254300189222704,0.08426369721548506,0
33,standard,corrupt,contour_material_memory,221,0.7963800904977375,0.4591614046276941,0.10227614036434937,0.13128551565164095,0
33,standard,corrupt,shuffled_memory_control,221,0.3167420814479638,0.20458191036740125,0.3194031616432452,0.40592131163041506,0
33,standard,corrupt,oracle,221,1,1,0,0,0
33,hard,clean,present_only,347,0.3371757925072046,0.19983574173970153,0.2226304459195601,0.01834084497090216,0
33,hard,clean,last_observation,347,0.43515850144092216,0.2852914856311741,0.19052843259480373,0.04293998596930315,0
33,hard,clean,decayed_material_memory,347,0.9971181556195965,0.8625595030046577,0.012495392026188155,0.07013042108209663,0
33,hard,clean,contour_material_memory,347,0.9971181556195965,0.7557352176461523,0.017160044493301677,0.13587575705747862,0
33,hard,clean,shuffled_memory_control,347,0.3371757925072046,0.20408065056391014,0.40406280636489156,0.5898119420302937,0
33,hard,clean,oracle,347,1,1,0,0,0
33,hard,corrupt,present_only,347,0.3371757925072046,0.19983574173970153,0.2226304459195601,0.01834084497090216,0
33,hard,corrupt,last_observation,347,0.484149855907781,0.31287709920981766,0.2545787978828974,0.2409696321232281,0
33,hard,corrupt,decayed_material_memory,347,0.7982708933717579,0.4646689109657076,0.10841423050346823,0.11393262018756903,0
33,hard,corrupt,contour_material_memory,347,0.8040345821325648,0.42974075614404605,0.10929270137044574,0.167762823081316,0
33,hard,corrupt,shuffled_memory_control,347,0.31412103746397696,0.19607770464199312,0.3126327010603328,0.37579561772454745,0
33,hard,corrupt,oracle,347,1,1,0,0,0
33,extreme,clean,present_only,454,0.31938325991189426,0.19828267476322758,0.22562059288602804,0.0587680005923083,0
33,extreme,clean,last_observation,454,0.6607929515418502,0.4937682502589911,0.12646893429566758,0.05704660718913113,0
33,extreme,clean,decayed_material_memory,454,0.986784140969163,0.8446330339928574,0.01538335828407121,0.06845311549319445,0
33,extreme,clean,contour_material_memory,454,0.9889867841409692,0.7391075801430604,0.020134539760673573,0.13744338049477237,0
33,extreme,clean,shuffled_memory_control,454,0.31057268722466963,0.18233287538652995,0.42044484546186384,0.6086572542263597,0
33,extreme,clean,oracle,454,1,1,0,0,0
33,extreme,corrupt,present_only,454,0.31938325991189426,0.19828267476322758,0.22562059288602804,0.0587680005923083,0
33,extreme,corrupt,last_observation,454,0.552863436123348,0.39605188861282487,0.23273657739851608,0.2896198126827824,0
33,extreme,corrupt,decayed_material_memory,454,0.8348017621145375,0.4806038612028953,0.09945211433195941,0.1459273093817935,0
33,extreme,corrupt,contour_material_memory,454,0.8458149779735683,0.44303801501596535,0.10157725173158591,0.2016323365995867,0
33,extreme,corrupt,shuffled_memory_control,454,0.32158590308370044,0.1947480973604497,0.31484543836438406,0.37168812957449315,0
33,extreme,corrupt,oracle,454,1,1,0,0,0
34,standard,clean,present_only,250,0.276,0.19773931609951037,0.2247696762011553,0.08948767416934517,0
34,standard,clean,last_observation,250,0.66,0.5366030948172168,0.12005612783925644,0.10903751339764223,0
34,standard,clean,decayed_material_memory,250,0.952,0.8483407620059359,0.01867312515950354,0.05296558232201136,0
34,standard,clean,contour_material_memory,250,0.968,0.7429394441761342,0.021833974223532778,0.11823159269923797,0
34,standard,clean,shuffled_memory_control,250,0.316,0.18767046981904026,0.41861205014865066,0.6127738740515654,0
34,standard,clean,oracle,250,1,1,0,0,0
34,standard,corrupt,present_only,250,0.276,0.19773931609951037,0.2247696762011553,0.08948767416934517,0
34,standard,corrupt,last_observation,250,0.396,0.26605862785525997,0.232453296174143,0.16491747052518713,0
34,standard,corrupt,decayed_material_memory,250,0.78,0.4571643599234139,0.1166291952451614,0.1146363379657204,0
34,standard,corrupt,contour_material_memory,250,0.792,0.4231217944050732,0.11514459620679021,0.14594418313902377,0
34,standard,corrupt,shuffled_memory_control,250,0.296,0.1877697275448307,0.32431534573445764,0.40391243048618886,0
34,standard,corrupt,oracle,250,1,1,0,0,0
34,hard,clean,present_only,393,0.3256997455470738,0.19991150358487705,0.22234798304934392,0.018967951516296433,0
34,hard,clean,last_observation,393,0.6666666666666666,0.49470691727477806,0.1227460320334591,0.031513621293816844,0
34,hard,clean,decayed_material_memory,393,0.9974554707379135,0.8687506680180386,0.01053820025788332,0.06725388804922552,0
34,hard,clean,contour_material_memory,393,0.9974554707379135,0.7603301589550409,0.015423782171280544,0.13341952909080856,0
34,hard,clean,shuffled_memory_control,393,0.33587786259541985,0.19949020497680145,0.40881390813270596,0.5943237200932677,0
34,hard,clean,oracle,393,1,1,0,0,0
34,hard,corrupt,present_only,393,0.3256997455470738,0.19991150358487705,0.22234798304934392,0.018967951516296433,0
34,hard,corrupt,last_observation,393,0.38676844783715014,0.24597450105168397,0.22632335679062174,0.0913002269232445,0
34,hard,corrupt,decayed_material_memory,393,0.7302798982188295,0.4730076009511936,0.13174819076950367,0.08501269727899453,0
34,hard,corrupt,contour_material_memory,393,0.732824427480916,0.43735055417638397,0.12440931830945914,0.079568399185514,0
34,hard,corrupt,shuffled_memory_control,393,0.32061068702290074,0.19878752422844084,0.33927983155371305,0.432265028751051,0
34,hard,corrupt,oracle,393,1,1,0,0,0
34,extreme,clean,present_only,515,0.32038834951456313,0.1998389218554831,0.22243684942532227,0.024524801850197175,0
34,extreme,clean,last_observation,515,0.7165048543689321,0.5514226984737314,0.10528593747126193,0.027820472668577914,0
34,extreme,clean,decayed_material_memory,515,0.920388349514563,0.7726455034983015,0.0348014849554116,0.04671725499305678,0
34,extreme,clean,contour_material_memory,515,0.9281553398058252,0.6850800646751661,0.03755755534634843,0.10605688451868164,0
34,extreme,clean,shuffled_memory_control,515,0.3378640776699029,0.20351140847761207,0.3906377268968899,0.5591079877253895,0
34,extreme,clean,oracle,515,1,1,0,0,0
34,extreme,corrupt,present_only,515,0.32038834951456313,0.1998389218554831,0.22243684942532227,0.024524801850197175,0
34,extreme,corrupt,last_observation,515,0.5922330097087378,0.4158532161697559,0.23332398181816716,0.290375581199258,0
34,extreme,corrupt,decayed_material_memory,515,0.8038834951456311,0.460664554059148,0.11146298200565471,0.13430771558066462,0
34,extreme,corrupt,contour_material_memory,515,0.8174757281553398,0.42670822458392754,0.1116197958986701,0.1740995403468816,0
34,extreme,corrupt,shuffled_memory_control,515,0.34368932038834954,0.2116565716021291,0.2989364598184959,0.3451729257395603,0
34,extreme,corrupt,oracle,515,1,1,0,0,0
35,standard,clean,present_only,252,0.30952380952380953,0.19954817979904763,0.2225683707409452,0.04222964424877362,0
35,standard,clean,last_observation,252,0.4126984126984127,0.2679141597025652,0.19622162848160865,0.03937891132365088,0
35,standard,clean,decayed_material_memory,252,0.9841269841269841,0.8718483169592316,0.011919243653473598,0.06262312985999013,0
35,standard,clean,contour_material_memory,252,0.9841269841269841,0.7648033509580547,0.016426526149478694,0.1224882662497932,0
35,standard,clean,shuffled_memory_control,252,0.3055555555555556,0.18598888967743576,0.4234984981178464,0.628349795530296,0
35,standard,clean,oracle,252,1,1,0,0,0
35,standard,corrupt,present_only,252,0.30952380952380953,0.19954817979904763,0.2225683707409452,0.04222964424877362,0
35,standard,corrupt,last_observation,252,0.5396825396825397,0.3688442331785347,0.23178482750794258,0.23909046438270642,0
35,standard,corrupt,decayed_material_memory,252,0.8373015873015873,0.47881606607870575,0.10177500469045384,0.1542124277023143,0
35,standard,corrupt,contour_material_memory,252,0.8492063492063492,0.44255170605271243,0.10287093010272333,0.20681521852005294,0
35,standard,corrupt,shuffled_memory_control,252,0.3492063492063492,0.20316801871377455,0.3083019884902049,0.3483926519741657,0
35,standard,corrupt,oracle,252,1,1,0,0,0
35,hard,clean,present_only,397,0.3123425692695214,0.19924162705222093,0.2234666555941898,0.054784926890232066,0
35,hard,clean,last_observation,397,0.8614609571788413,0.7591526445158552,0.058328438851456284,0.044484942754220415,0
35,hard,clean,decayed_material_memory,397,0.9949622166246851,0.8802991114074938,0.00948902381569389,0.057431283050869836,0
35,hard,clean,contour_material_memory,397,0.9949622166246851,0.7698644363762064,0.014393164989639195,0.12633761109235855,0
35,hard,clean,shuffled_memory_control,397,0.3224181360201511,0.18776134407656375,0.4225348179596343,0.6151127975536653,0
35,hard,clean,oracle,397,1,1,0,0,0
35,hard,corrupt,present_only,397,0.3123425692695214,0.19924162705222093,0.2234666555941898,0.054784926890232066,0
35,hard,corrupt,last_observation,397,0.44080604534005036,0.2852557820384745,0.221637644195486,0.1351534357140918,0
35,hard,corrupt,decayed_material_memory,397,0.801007556675063,0.4820098831164141,0.10534588949218038,0.10152826205162437,0
35,hard,corrupt,contour_material_memory,397,0.8161209068010076,0.44422709398302057,0.10532515744860796,0.16032785752116646,0
35,hard,corrupt,shuffled_memory_control,397,0.35768261964735515,0.21265875372308307,0.3052487031923082,0.36008565216926613,0
35,hard,corrupt,oracle,397,1,1,0,0,0
35,extreme,clean,present_only,519,0.34104046242774566,0.19985736231118204,0.2224498316586177,0.02013889875161473,0
35,extreme,clean,last_observation,519,0.6820809248554913,0.48367836126345765,0.12647591511689388,0.050385119749281025,0
35,extreme,clean,decayed_material_memory,519,0.9903660886319846,0.8627269863899185,0.011946494132651132,0.06604321293359508,0
35,extreme,clean,contour_material_memory,519,0.9903660886319846,0.7566410167464964,0.01677105305622351,0.1309918557776525,0
35,extreme,clean,shuffled_memory_control,519,0.3622350674373796,0.2150984004590011,0.3931325725708101,0.5710491239261937,0
35,extreme,clean,oracle,519,1,1,0,0,0
35,extreme,corrupt,present_only,519,0.34104046242774566,0.19985736231118204,0.2224498316586177,0.02013889875161473,0
35,extreme,corrupt,last_observation,519,0.5838150289017341,0.42296653438734877,0.22900133416956062,0.2980216159406911,0
35,extreme,corrupt,decayed_material_memory,519,0.8188824662813102,0.4731721023196187,0.10368198234071918,0.13397955847462079,0
35,extreme,corrupt,contour_material_memory,519,0.8304431599229287,0.4362801197787522,0.10512968625588914,0.19344393728524356,0
35,extreme,corrupt,shuffled_memory_control,519,0.35067437379576105,0.19953207491278668,0.31019347352366494,0.34980362576272095,0
35,extreme,corrupt,oracle,519,1,1,0,0,0
36,standard,clean,present_only,222,0.3108108108108108,0.19965771341098304,0.22260592123565928,0.035389430443711345,0
36,standard,clean,last_observation,222,0.42792792792792794,0.2707181239706879,0.19515188321909704,0.024293895825860966,0
36,standard,clean,decayed_material_memory,222,0.9819819819819819,0.8464789527254862,0.016092344038685237,0.06764132366738713,0
36,standard,clean,contour_material_memory,222,0.9774774774774775,0.7419912185933696,0.020487112631734288,0.12482657763373706,0
36,standard,clean,shuffled_memory_control,222,0.3153153153153153,0.1864822600206645,0.41768686876424016,0.6112290277095269,0
36,standard,clean,oracle,222,1,1,0,0,0
36,standard,corrupt,present_only,222,0.3108108108108108,0.19965771341098304,0.22260592123565928,0.035389430443711345,0
36,standard,corrupt,last_observation,222,0.6576576576576577,0.45599462405880553,0.23682896330919367,0.36867386083308873,0
36,standard,corrupt,decayed_material_memory,222,0.8243243243243243,0.4824502439026243,0.10307900442915499,0.1251860909138097,0
36,standard,corrupt,contour_material_memory,222,0.8423423423423423,0.4458042526227623,0.10415843580783957,0.18831175183366242,0
36,standard,corrupt,shuffled_memory_control,222,0.38738738738738737,0.22777056347245175,0.28964063629991127,0.3344365172761343,0
36,standard,corrupt,oracle,222,1,1,0,0,0
36,hard,clean,present_only,349,0.3209169054441261,0.199651581409466,0.2227234908271537,0.025170051077615385,0
36,hard,clean,last_observation,349,0.6848137535816619,0.5214949161209873,0.111590911109787,0.026640089697271368,0
36,hard,clean,decayed_material_memory,349,0.997134670487106,0.8699754461812068,0.009842865153532838,0.06613376232118828,0
36,hard,clean,contour_material_memory,349,0.997134670487106,0.7621761355250255,0.015263122692655005,0.13163387313242259,0
36,hard,clean,shuffled_memory_control,349,0.3467048710601719,0.2054152066853179,0.4028035645672287,0.5842960371057457,0
36,hard,clean,oracle,349,1,1,0,0,0
36,hard,corrupt,present_only,349,0.3209169054441261,0.199651581409466,0.2227234908271537,0.025170051077615385,0
36,hard,corrupt,last_observation,349,0.42406876790830944,0.27414549490901946,0.22641510120733815,0.12437523358664562,0
36,hard,corrupt,decayed_material_memory,349,0.7879656160458453,0.47157736336164396,0.10921297674645712,0.10468199964313567,0
36,hard,corrupt,contour_material_memory,349,0.8080229226361032,0.43522196684423914,0.10937366370704726,0.15695300752971122,0
36,hard,corrupt,shuffled_memory_control,349,0.3123209169054441,0.18809988513893483,0.3256620046124387,0.39324273005693156,0
36,hard,corrupt,oracle,349,1,1,0,0,0
36,extreme,clean,present_only,457,0.3238512035010941,0.19950515232794616,0.22311481439368921,0.035480272822026426,0
36,extreme,clean,last_observation,457,0.7439824945295405,0.6017899450280751,0.09488175248665016,0.05134003401132515,0
36,extreme,clean,decayed_material_memory,457,0.9890590809628009,0.8784486621352022,0.010334865187625261,0.051847143903241355,0
36,extreme,clean,contour_material_memory,457,0.9890590809628009,0.7674351276662273,0.015151036076037763,0.12557974182785392,0
36,extreme,clean,shuffled_memory_control,457,0.3238512035010941,0.1988556736797197,0.412624032812573,0.6133607335584663,0
36,extreme,clean,oracle,457,1,1,0,0,0
36,extreme,corrupt,present_only,457,0.3238512035010941,0.19950515232794616,0.22311481439368921,0.035480272822026426,0
36,extreme,corrupt,last_observation,457,0.4135667396061269,0.2790429633562831,0.23648101392035575,0.18408781992283493,0
36,extreme,corrupt,decayed_material_memory,457,0.7614879649890591,0.467731036625654,0.12528290991267269,0.13234412300973603,0
36,extreme,corrupt,contour_material_memory,457,0.7789934354485777,0.43404702095118847,0.12083292459305586,0.14434474429517635,0
36,extreme,corrupt,shuffled_memory_control,457,0.31072210065645517,0.20393864477737791,0.32413204383266564,0.4184938002356362,0
36,extreme,corrupt,oracle,457,1,1,0,0,0
37,standard,clean,present_only,211,0.32701421800947866,0.19992012185732325,0.2221241591449275,0.017331398254814556,0
37,standard,clean,last_observation,211,0.32701421800947866,0.19992012185732325,0.2221241591449275,0.017331398254814556,0
37,standard,clean,decayed_material_memory,211,0.976303317535545,0.8372338645198402,0.020759960881174495,0.04637512929564873,0
37,standard,clean,contour_material_memory,211,0.976303317535545,0.7339360298136531,0.024148678960444734,0.11846239776894313,0
37,standard,clean,shuffled_memory_control,211,0.32701421800947866,0.19640588982410978,0.41040350079627824,0.6029139702304187,0
37,standard,clean,oracle,211,1,1,0,0,0
37,standard,corrupt,present_only,211,0.32701421800947866,0.19992012185732325,0.2221241591449275,0.017331398254814556,0
37,standard,corrupt,last_observation,211,0.35071090047393366,0.2258879793061351,0.22762663025923177,0.08064098472211231,0
37,standard,corrupt,decayed_material_memory,211,0.8293838862559242,0.5086736111801136,0.09659044686522887,0.11212801254723231,0
37,standard,corrupt,contour_material_memory,211,0.8341232227488151,0.46657811459191095,0.09760950865487561,0.16065126201705132,0
37,standard,corrupt,shuffled_memory_control,211,0.36492890995260663,0.22086839221095866,0.3056947234061811,0.3593230071536929,0
37,standard,corrupt,oracle,211,1,1,0,0,0
37,hard,clean,present_only,332,0.3493975903614458,0.20002907846761434,0.22205140738021734,0.009948049077040222,0
37,hard,clean,last_observation,332,0.5873493975903614,0.42701372954452377,0.13757242588737242,0.026666298220404124,0
37,hard,clean,decayed_material_memory,332,0.9879518072289156,0.867972332138515,0.011687562037841055,0.0561356632198657,0
37,hard,clean,contour_material_memory,332,0.9879518072289156,0.7568308534830441,0.01655852454610299,0.13100347364637918,0
37,hard,clean,shuffled_memory_control,332,0.30120481927710846,0.17739297765827033,0.4301263930459468,0.6322199340484635,0
37,hard,clean,oracle,332,1,1,0,0,0
37,hard,corrupt,present_only,332,0.3493975903614458,0.20002907846761434,0.22205140738021734,0.009948049077040222,0
37,hard,corrupt,last_observation,332,0.4608433734939759,0.28700012883868903,0.22859453976160696,0.14372167569360023,0
37,hard,corrupt,decayed_material_memory,332,0.75,0.44097968678152427,0.1264880200686542,0.08344936183338084,0
37,hard,corrupt,contour_material_memory,332,0.7530120481927711,0.4093095051434581,0.12435405747856407,0.1066089890979598,0
37,hard,corrupt,shuffled_memory_control,332,0.34036144578313254,0.21123612629542374,0.30179508878856226,0.3663214089801349,0
37,hard,corrupt,oracle,332,1,1,0,0,0
37,extreme,clean,present_only,434,0.33410138248847926,0.1996964602294609,0.2225266298674664,0.0148722245496416,0
37,extreme,clean,last_observation,434,0.5391705069124424,0.3560231757961567,0.16437181920045824,0.021554927902483405,0
37,extreme,clean,decayed_material_memory,434,0.9930875576036866,0.8513609392879126,0.014203569719812657,0.0728241592033631,0
37,extreme,clean,contour_material_memory,434,0.9976958525345622,0.7396255376999622,0.019508349147823126,0.14669365278402613,0
37,extreme,clean,shuffled_memory_control,434,0.35023041474654376,0.21370461895090298,0.3921603952200753,0.572939528791652,0
37,extreme,clean,oracle,434,1,1,0,0,0
37,extreme,corrupt,present_only,434,0.33410138248847926,0.1996964602294609,0.2225266298674664,0.0148722245496416,0
37,extreme,corrupt,last_observation,434,0.5622119815668203,0.4049632416237859,0.2072224243166654,0.21877913969485271,0
37,extreme,corrupt,decayed_material_memory,434,0.8317972350230415,0.47751713733446205,0.10159387360319486,0.16119645869363952,0
37,extreme,corrupt,contour_material_memory,434,0.8456221198156681,0.43818291799156617,0.10415456157849343,0.20091804029808666,0
37,extreme,corrupt,shuffled_memory_control,434,0.3248847926267281,0.19861923971808873,0.31175891221084484,0.3718496705097191,0
37,extreme,corrupt,oracle,434,1,1,0,0,0
38,standard,clean,present_only,245,0.27755102040816326,0.19793662067130272,0.22368039216044747,0.07764023642243945,0
38,standard,clean,last_observation,245,0.4816326530612245,0.3609774034875998,0.16364825245694417,0.08674026987844306,0
38,standard,clean,decayed_material_memory,245,1,0.8689398736955902,0.010031814279294135,0.06892947660558904,0
38,standard,clean,contour_material_memory,245,1,0.7593340192226342,0.01501668681162645,0.13482602692816553,0
38,standard,clean,shuffled_memory_control,245,0.33877551020408164,0.20258119149315812,0.4020202861185266,0.5922950131903278,0
38,standard,clean,oracle,245,1,1,0,0,0
38,standard,corrupt,present_only,245,0.27755102040816326,0.19793662067130272,0.22368039216044747,0.07764023642243945,0
38,standard,corrupt,last_observation,245,0.6,0.4216144892446807,0.21680490883086187,0.2526151444184231,0
38,standard,corrupt,decayed_material_memory,245,0.7918367346938775,0.4838149903230146,0.10648819893277763,0.08697475033682434,0
38,standard,corrupt,contour_material_memory,245,0.8081632653061225,0.444390404063449,0.10625145899688702,0.14691362902459681,0
38,standard,corrupt,shuffled_memory_control,245,0.3183673469387755,0.1920458173471158,0.3262054656887377,0.39459493310409766,0
38,standard,corrupt,oracle,245,1,1,0,0,0
38,hard,clean,present_only,386,0.30569948186528495,0.1992732299427942,0.22294561348647085,0.04975075510154209,0
38,hard,clean,last_observation,386,0.6580310880829016,0.49139056213637694,0.125611173613554,0.04808093706259345,0
38,hard,clean,decayed_material_memory,386,0.9870466321243523,0.838643471074942,0.016659750829462295,0.07027626059759427,0
38,hard,clean,contour_material_memory,386,0.9870466321243523,0.7388599898721525,0.021179849993556696,0.13594266609486605,0
38,hard,clean,shuffled_memory_control,386,0.29533678756476683,0.17908462386538807,0.42194609845700304,0.6214335839619927,0
38,hard,clean,oracle,386,1,1,0,0,0
38,hard,corrupt,present_only,386,0.30569948186528495,0.1992732299427942,0.22294561348647085,0.04975075510154209,0
38,hard,corrupt,last_observation,386,0.5181347150259067,0.3789495008827089,0.2188552886047565,0.244751123443754,0
38,hard,corrupt,decayed_material_memory,386,0.844559585492228,0.4867904233716522,0.09386264112537156,0.15460865949342473,0
38,hard,corrupt,contour_material_memory,386,0.8678756476683938,0.44848898133884846,0.0965499552751034,0.22349896874328173,0
38,hard,corrupt,shuffled_memory_control,386,0.3471502590673575,0.19389924010036755,0.3138373113332142,0.3449970830847925,0
38,hard,corrupt,oracle,386,1,1,0,0,0
38,extreme,clean,present_only,505,0.3445544554455445,0.19861397486619967,0.22462994897471075,0.02253415214938792,0
38,extreme,clean,last_observation,505,0.7623762376237624,0.6022574428759039,0.09537047407672976,0.03815014412833684,0
38,extreme,clean,decayed_material_memory,505,0.996039603960396,0.870825119207557,0.010419280523698263,0.06417968367276378,0
38,extreme,clean,contour_material_memory,505,0.998019801980198,0.7613929216370533,0.01528076029866332,0.1328545962377066,0
38,extreme,clean,shuffled_memory_control,505,0.3425742574257426,0.20222909200737363,0.4061815958291467,0.5892856628618892,0
38,extreme,clean,oracle,505,1,1,0,0,0
38,extreme,corrupt,present_only,505,0.3445544554455445,0.19861397486619967,0.22462994897471075,0.02253415214938792,0
38,extreme,corrupt,last_observation,505,0.5663366336633663,0.38284676775059,0.21720915292939527,0.20486276475748838,0
38,extreme,corrupt,decayed_material_memory,505,0.8376237623762376,0.47607284875751055,0.10632792859416774,0.18343779594951976,0
38,extreme,corrupt,contour_material_memory,505,0.8514851485148515,0.43974450110777036,0.10631783769557643,0.1999923597883643,0
38,extreme,corrupt,shuffled_memory_control,505,0.3227722772277228,0.1937583277543163,0.320013243445362,0.38402060562928875,0
38,extreme,corrupt,oracle,505,1,1,0,0,0
39,standard,clean,present_only,244,0.3073770491803279,0.1976478846181801,0.22561768882037853,0.0559599431358076,0
39,standard,clean,last_observation,244,0.5286885245901639,0.36173964187362095,0.1662723668418425,0.051218261323351694,0
39,standard,clean,decayed_material_memory,244,1,0.8787038846980266,0.008688899583074382,0.06437438188833222,0
39,standard,clean,contour_material_memory,244,1,0.7599442497206225,0.014220135769706934,0.13596955213628942,0
39,standard,clean,shuffled_memory_control,244,0.25,0.1469828045721373,0.46094891830518,0.6856256181116683,0
39,standard,clean,oracle,244,1,1,0,0,0
39,standard,corrupt,present_only,244,0.3073770491803279,0.1976478846181801,0.22561768882037853,0.0559599431358076,0
39,standard,corrupt,last_observation,244,0.6147540983606558,0.4495387868058973,0.2174039469936247,0.2834841913947922,0
39,standard,corrupt,decayed_material_memory,244,0.7991803278688525,0.4841007868333411,0.10152070426701898,0.10117518156299347,0
39,standard,corrupt,contour_material_memory,244,0.8114754098360656,0.4438307447794161,0.10331326641822829,0.16729606764313087,0
39,standard,corrupt,shuffled_memory_control,244,0.36885245901639346,0.21895924328293723,0.29609654510355193,0.336416904217417,0
39,standard,corrupt,oracle,244,1,1,0,0,0
39,hard,clean,present_only,384,0.3307291666666667,0.19974293813909727,0.22281549667652817,0.029017267564712512,0
39,hard,clean,last_observation,384,0.6536458333333334,0.478821665932655,0.12295117950611265,0.022892729793977357,0
39,hard,clean,decayed_material_memory,384,0.9947916666666666,0.8881712585327781,0.009479248253493423,0.05278689703644877,0
39,hard,clean,contour_material_memory,384,0.9947916666666666,0.7710664489216152,0.01441221425074235,0.12565409957101228,0
39,hard,clean,shuffled_memory_control,384,0.3697916666666667,0.22779203418693725,0.3893666258154472,0.5722131029635539,0
39,hard,clean,oracle,384,1,1,0,0,0
39,hard,corrupt,present_only,384,0.3307291666666667,0.19974293813909727,0.22281549667652817,0.029017267564712512,0
39,hard,corrupt,last_observation,384,0.5,0.3264459481218444,0.22146209123528807,0.16153262017960876,0
39,hard,corrupt,decayed_material_memory,384,0.7864583333333334,0.45821842512556205,0.11018418017454222,0.1412576629563867,0
39,hard,corrupt,contour_material_memory,384,0.8125,0.42360548697646655,0.11101293151691595,0.17753240928462627,0
39,hard,corrupt,shuffled_memory_control,384,0.2942708333333333,0.17553225409761009,0.33003505069492006,0.4048938660304743,0
39,hard,corrupt,oracle,384,1,1,0,0,0
39,extreme,clean,present_only,503,0.3399602385685885,0.1999179383174647,0.222523805214134,0.013729328861435686,0
39,extreme,clean,last_observation,503,0.8290258449304175,0.6913793029934303,0.07454609127388181,0.05001037034788734,0
39,extreme,clean,decayed_material_memory,503,0.9980119284294234,0.8759198577576394,0.009914919299084468,0.06393346013425603,0
39,extreme,clean,contour_material_memory,503,1,0.7633026242961424,0.014938499459783094,0.13417815490893603,0
39,extreme,clean,shuffled_memory_control,503,0.39165009940357853,0.23845361132250922,0.37585176939781445,0.542428368891589,0
39,extreme,clean,oracle,503,1,1,0,0,0
39,extreme,corrupt,present_only,503,0.3399602385685885,0.1999179383174647,0.222523805214134,0.013729328861435686,0
39,extreme,corrupt,last_observation,503,0.558648111332008,0.3953072785147514,0.2154499317420058,0.22677168540917308,0
39,extreme,corrupt,decayed_material_memory,503,0.8429423459244533,0.4824305117662276,0.09581678007576395,0.15810303152780025,0
39,extreme,corrupt,contour_material_memory,503,0.8548707753479126,0.4439294577586809,0.09913507881830877,0.2218555648993198,0
39,extreme,corrupt,shuffled_memory_control,503,0.31610337972166996,0.19694672053303197,0.31043791929376335,0.3687359346749831,0
39,extreme,corrupt,oracle,503,1,1,0,0,0
40,standard,clean,present_only,223,0.3273542600896861,0.19925143990360863,0.22350187390025564,0.026787396572977518,0
40,standard,clean,last_observation,223,0.5291479820627802,0.3419966126807725,0.17161246682039408,0.02580224915078201,0
40,standard,clean,decayed_material_memory,223,0.9865470852017937,0.8321835790881652,0.01927608703642701,0.07468151057305039,0
40,standard,clean,contour_material_memory,223,0.9820627802690582,0.734137549205931,0.02305748282807121,0.13257881412211603,0
40,standard,clean,shuffled_memory_control,223,0.3183856502242152,0.1980959507297225,0.40444963551991325,0.5936735955569896,0
40,standard,clean,oracle,223,1,1,0,0,0
40,standard,corrupt,present_only,223,0.3273542600896861,0.19925143990360863,0.22350187390025564,0.026787396572977518,0
40,standard,corrupt,last_observation,223,0.4349775784753363,0.28292746462530727,0.22155983771207594,0.12479610678352,0
40,standard,corrupt,decayed_material_memory,223,0.7892376681614349,0.4758891677429487,0.10559224105669245,0.11000305297855671,0
40,standard,corrupt,contour_material_memory,223,0.7982062780269058,0.4412372980214814,0.10574715390505161,0.16309543059514492,0
40,standard,corrupt,shuffled_memory_control,223,0.3183856502242152,0.19172161382938713,0.32134159495042575,0.3771275953108042,0
40,standard,corrupt,oracle,223,1,1,0,0,0
40,hard,clean,present_only,351,0.32763532763532766,0.19986272708270295,0.22240988005059903,0.027650634236419447,0
40,hard,clean,last_observation,351,0.7094017094017094,0.5292630560649214,0.11096811999907494,0.03436578826526834,0
40,hard,clean,decayed_material_memory,351,0.9971509971509972,0.8641195939927164,0.010307689547503633,0.0696520727929547,0
40,hard,clean,contour_material_memory,351,0.9971509971509972,0.7570003826716158,0.01561397068462884,0.1348063114519496,0
40,hard,clean,shuffled_memory_control,351,0.3076923076923077,0.18464204981708487,0.42091151439443314,0.6198066166657363,0
40,hard,clean,oracle,351,1,1,0,0,0
40,hard,corrupt,present_only,351,0.32763532763532766,0.19986272708270295,0.22240988005059903,0.027650634236419447,0
40,hard,corrupt,last_observation,351,0.6011396011396012,0.4487235297244172,0.22765150880154397,0.3235519214721988,0
40,hard,corrupt,decayed_material_memory,351,0.8062678062678063,0.4841566284736221,0.10606829019394186,0.12886113777938826,0
40,hard,corrupt,contour_material_memory,351,0.8148148148148148,0.4457041052037343,0.10601574881460217,0.16027174966301208,0
40,hard,corrupt,shuffled_memory_control,351,0.36182336182336183,0.2062773119226291,0.31317282720634576,0.3478258930520991,0
40,hard,corrupt,oracle,351,1,1,0,0,0
40,extreme,clean,present_only,459,0.3224400871459695,0.19901753796823873,0.22427181746304886,0.0626014641005635,0
40,extreme,clean,last_observation,459,0.7821350762527233,0.6363276111264148,0.08462783675482438,0.04101412802732669,0
40,extreme,clean,decayed_material_memory,459,0.9956427015250545,0.8887624034242317,0.008352348400896796,0.05872043023827613,0
40,extreme,clean,contour_material_memory,459,1,0.7770129703120651,0.012994345884329059,0.12531814948101092,0
40,extreme,clean,shuffled_memory_control,459,0.3115468409586057,0.1871292791313992,0.42548748345480963,0.6308213676164345,0
40,extreme,clean,oracle,459,1,1,0,0,0
40,extreme,corrupt,present_only,459,0.3224400871459695,0.19901753796823873,0.22427181746304886,0.0626014641005635,0
40,extreme,corrupt,last_observation,459,0.5054466230936819,0.3352953419949661,0.23900169369508917,0.23463629834820934,0
40,extreme,corrupt,decayed_material_memory,459,0.8126361655773421,0.46390269937398526,0.10459764169906693,0.13906881977722096,0
40,extreme,corrupt,contour_material_memory,459,0.8257080610021786,0.429981020588746,0.10644497431807047,0.19165216681836134,0
40,extreme,corrupt,shuffled_memory_control,459,0.3442265795206972,0.20849106732750425,0.2970521249803222,0.3326320314454453,0
40,extreme,corrupt,oracle,459,1,1,0,0,0
